Protocollo;Gruppo;DataOraIncidente;Localizzazione1;STRADA1;Localizzazione2;STRADA2;Strada02;Chilometrica;DaSpecificare;NaturaIncidente;particolaritastrade;TipoStrada;FondoStradale;Pavimentazione;Segnaletica;CondizioneAtmosferica;Traffico;Visibilita;Illuminazione;NUM_FERITI;NUM_RISERVATA;NUM_MORTI;NUM_ILLESI;Longitudine;Latitudine;Confermato;Progressivo;TipoVeicolo;StatoVeicolo;TipoPersona;Sesso;Tipolesione;Deceduto;DecedutoDopo;CinturaCascoUtilizzato;Airbag
3081151;10;01/12/2016 11:00;Strada Urbana;VIA TARQUINIO COLLATINO;in prossimità;;del civico n.;23;;Veicolo in marcia contro veicolo in sosta;Rettilineo;Una carreggiata a senso unico di marcia;Asciutto;Asfaltata;Verticale ed orizzontale;Sereno;Scarso;Buona;Ore Diurne;0;0;0;3;12.56042;41.86272;-1;1;Autovettura privata;Sosta;Passeggero;M;Illeso;0;;Non accertato;
3081151;10;01/12/2016 11:00;Strada Urbana;VIA TARQUINIO COLLATINO;in prossimità;;del civico n.;23;;Veicolo in marcia contro veicolo in sosta;Rettilineo;Una carreggiata a senso unico di marcia;Asciutto;Asfaltata;Verticale ed orizzontale;Sereno;Scarso;Buona;Ore Diurne;0;0;0;3;12.56042;41.86272;-1;1;Autovettura privata;Sosta;Passeggero;F;Illeso;0;;Non accertato;
3081151;10;01/12/2016 11:00;Strada Urbana;VIA TARQUINIO COLLATINO;in prossimità;;del civico n.;23;;Veicolo in marcia contro veicolo in sosta;Rettilineo;Una carreggiata a senso unico di marcia;Asciutto;Asfaltata;Verticale ed orizzontale;Sereno;Scarso;Buona;Ore Diurne;0;0;0;3;12.56042;41.86272;-1;2;Autovettura privata;In marcia / fermata / arresto;Conducente;M;Illeso;0;;Non accertato;Inesploso
3081160;2;01/12/2016 08:40;Strada Urbana;CIRCONVALLAZIONE SALARIA;da specificare;;;;rampa uscita  viale libia;Scontro laterale fra veicoli in marcia;Rettilineo;Due carreggiate;Asciutto;Asfaltata;Verticale ed orizzontale;Sereno;Normale;Buona;Ore Diurne;1;0;0;1;12.52305;41.93258;-1;1;Motociclo a solo;In marcia / fermata / arresto;Conducente;F;Rimandato;0;NON DECEDUTO;;
3081160;2;01/12/2016 08:40;Strada Urbana;CIRCONVALLAZIONE SALARIA;da specificare;;;;rampa uscita  viale libia;Scontro laterale fra veicoli in marcia;Rettilineo;Due carreggiate;Asciutto;Asfaltata;Verticale ed orizzontale;Sereno;Normale;Buona;Ore Diurne;1;0;0;1;12.52305;41.93258;-1;2;Autovettura privata;In marcia / fermata / arresto;Conducente;F;Illeso;0;;;
3081162;8;01/12/2016 17:45;Strada Urbana;VIA GUARDIAGRELE;all'intersezione con;VIA FRAINE;VIA FRAINE;;;Scontro frontale/laterale SX fra veicoli in marcia;Incrocio;Una carreggiata a doppio senso;Asciutto;Asfaltata;Verticale ed orizzontale;Sereno;Normale;Sufficiente;Insufficiente;0;0;0;3;12.69089;41.91842;-1;1;Autovettura privata;In marcia / fermata / arresto;Conducente;F;Illeso;0;;Non accertato;Inesploso
3081162;8;01/12/2016 17:45;Strada Urbana;VIA GUARDIAGRELE;all'intersezione con;VIA FRAINE;VIA FRAINE;;;Scontro frontale/laterale SX fra veicoli in marcia;Incrocio;Una carreggiata a doppio senso;Asciutto;Asfaltata;Verticale ed orizzontale;Sereno;Normale;Sufficiente;Insufficiente;0;0;0;3;12.69089;41.91842;-1;2;Autovettura privata;In marcia / fermata / arresto;Conducente;M;Illeso;0;;Non accertato;Inesploso
3081162;8;01/12/2016 17:45;Strada Urbana;VIA GUARDIAGRELE;all'intersezione con;VIA FRAINE;VIA FRAINE;;;Scontro frontale/laterale SX fra veicoli in marcia;Incrocio;Una carreggiata a doppio senso;Asciutto;Asfaltata;Verticale ed orizzontale;Sereno;Normale;Sufficiente;Insufficiente;0;0;0;3;12.69089;41.91842;-1;2;Autovettura privata;In marcia / fermata / arresto;Passeggero;F;Illeso;0;;Non accertato;Inesploso
3081163;18;01/12/2016 19:05;Strada Urbana;VIA AURELIA;in corrispondenza;;del civico n.;273;;Scontro laterale fra veicoli in marcia;Rettilineo;Una carreggiata a doppio senso;Asciutto;Asfaltata;Verticale ed orizzontale;Sereno;Normale;Buona;Sufficiente;1;0;0;1;12.43941;41.89825;-1;1;Autovettura privata;In marcia / fermata / arresto;Conducente;M;Illeso;0;;;
3081163;18;01/12/2016 19:05;Strada Urbana;VIA AURELIA;in corrispondenza;;del civico n.;273;;Scontro laterale fra veicoli in marcia;Rettilineo;Una carreggiata a doppio senso;Asciutto;Asfaltata;Verticale ed orizzontale;Sereno;Normale;Buona;Sufficiente;1;0;0;1;12.43941;41.89825;-1;2;Motociclo a solo;In marcia / fermata / arresto;Conducente;F;Ricoverato;0;NON DECEDUTO;;
3081169;19;01/12/2016 09:10;Strada Urbana;VIA GORLAGO;in corrispondenza;;del civico n.;21;;Ribaltamento senza urto contro ostacolo fisso;Rettilineo;Una carreggiata a doppio senso;Ghiacciato;Asfaltata;Assente;Sereno;Scarso;Buona;Ore Diurne;1;0;0;0;12.38576;41.9405;-1;1;Motociclo a solo;In marcia / fermata / arresto;Conducente;M;Rimandato;0;NON DECEDUTO;Non accertato;
3081171;2;01/12/2016 13:25;Strada Urbana;VIA NOMENTANA;in prossimità;;del civico n.;172;;Veicolo in marcia contro ostacolo accidentale;Rettilineo;Una carreggiata a doppio senso;Asciutto;Asfaltata;Verticale ed orizzontale;Sereno;Normale;Buona;Ore Diurne;0;0;0;1;12.51973;41.92279;-1;1;Autovettura pubblica;In marcia / fermata / arresto;Conducente;M;Illeso;0;;;
3081172;8;01/12/2016 19:00;Strada Urbana;VIA PERANO;da specificare;;;;a circa 300 metri prima int con via S.Maria di Lor;Scontro laterale fra veicoli in marcia;Curva a visuale libera;Una carreggiata a doppio senso;Asciutto;Asfaltata;Verticale ed orizzontale;Sereno;Scarso;Buona;Sufficiente;1;0;0;0;12.68632;41.9064;-1;1;Autovettura privata;In marcia / fermata / arresto;Conducente;F;Rifiuta cure immediate;0;NON DECEDUTO;Non accertato;Inesploso
3081174;2;01/12/2016 20:40;Strada Urbana;PIAZZALE FLAMINIO;da specificare;;;;fr. Porta del Popolo dir. p.le Brasile;Tamponamento;Rettilineo;Due carreggiate;Asciutto;Asfaltata;Verticale ed orizzontale;Sereno;Normale;Buona;Sufficiente;0;0;0;2;12.47591;41.91186;-1;1;Autovettura privata;In marcia / fermata / arresto;Conducente;M;Illeso;0;;;
3081174;2;01/12/2016 20:40;Strada Urbana;PIAZZALE FLAMINIO;da specificare;;;;fr. Porta del Popolo dir. p.le Brasile;Tamponamento;Rettilineo;Due carreggiate;Asciutto;Asfaltata;Verticale ed orizzontale;Sereno;Normale;Buona;Sufficiente;0;0;0;2;12.47591;41.91186;-1;2;Autovettura privata;In marcia / fermata / arresto;Conducente;M;Illeso;0;;Non utilizzato;
3081176;8;01/12/2016 18:30;Provinciale entro l'abitato;VIA COLLATINA;da specificare;;;;1000 metri dopo int via acqua vergine;Veicolo in marcia contro ostacolo accidentale;Rettilineo;Una carreggiata a doppio senso;Asciutto;Asfaltata;Orizzontale;Sereno;Normale;Insufficiente;Insufficiente;0;0;0;1;12.62629;41.90769;-1;1;Autovettura privata;In marcia / fermata / arresto;Conducente;M;Illeso;0;;Non accertato;Inesploso
3081177;8;01/12/2016 19:00;Provinciale entro l'abitato;VIA COLLATINA;da specificare;;;;100 mt dopo int via Acqua Vergine;Veicolo in marcia contro ostacolo accidentale;Rettilineo;Una carreggiata a doppio senso;Asciutto;Asfaltata;Orizzontale;Sereno;Normale;Insufficiente;Insufficiente;0;0;0;1;12.66611;41.92234;-1;1;Autovettura privata;In marcia / fermata / arresto;Conducente;M;Illeso;0;;Non accertato;Inesploso
3081185;8;01/12/2016 20:45;Strada Urbana;VIA GIARRE;all'intersezione con;VIA ITALA;VIA ITALA;;;Scontro frontale/laterale SX fra veicoli in marcia;Incrocio;Una carreggiata a senso unico di marcia;Asciutto;Asfaltata;Verticale ed orizzontale;Sereno;Scarso;Buona;Sufficiente;1;0;0;2;12.67114;41.85701;-1;1;Autovettura privata;In marcia / fermata / arresto;Conducente;M;Illeso;0;;Non accertato;Inesploso
3081185;8;01/12/2016 20:45;Strada Urbana;VIA GIARRE;all'intersezione con;VIA ITALA;VIA ITALA;;;Scontro frontale/laterale SX fra veicoli in marcia;Incrocio;Una carreggiata a senso unico di marcia;Asciutto;Asfaltata;Verticale ed orizzontale;Sereno;Scarso;Buona;Sufficiente;1;0;0;2;12.67114;41.85701;-1;1;Autovettura privata;In marcia / fermata / arresto;Passeggero;F;Illeso;0;;Non accertato;Inesploso
3081185;8;01/12/2016 20:45;Strada Urbana;VIA GIARRE;all'intersezione con;VIA ITALA;VIA ITALA;;;Scontro frontale/laterale SX fra veicoli in marcia;Incrocio;Una carreggiata a senso unico di marcia;Asciutto;Asfaltata;Verticale ed orizzontale;Sereno;Scarso;Buona;Sufficiente;1;0;0;2;12.67114;41.85701;-1;2;Autovettura privata;In marcia / fermata / arresto;Conducente;M;Rifiuta cure immediate;0;NON DECEDUTO;Non accertato;Inesploso
3081193;8;01/12/2016 15:20;Strada Urbana;VIA DEL PONTE DI NONA;in prossimità;;del civico n.;81;;Scontro laterale fra veicoli in marcia;Rettilineo;Una carreggiata a doppio senso;Asciutto;Asfaltata;Orizzontale;Sereno;Normale;Sufficiente;Ore Diurne;1;0;0;1;12.66102;41.8998;-1;1;Autovettura privata;In marcia / fermata / arresto;Conducente;M;Illeso;0;;Non accertato;Inesploso
3081193;8;01/12/2016 15:20;Strada Urbana;VIA DEL PONTE DI NONA;in prossimità;;del civico n.;81;;Scontro laterale fra veicoli in marcia;Rettilineo;Una carreggiata a doppio senso;Asciutto;Asfaltata;Orizzontale;Sereno;Normale;Sufficiente;Ore Diurne;1;0;0;1;12.66102;41.8998;-1;2;Motociclo a solo;In marcia / fermata / arresto;Conducente;M;Rifiuta cure immediate;0;NON DECEDUTO;Non accertato;
3081201;17;01/12/2016 21:30;Strada Urbana;PIAZZA PIO XI;in corrispondenza;;del civico n.;93;;Scontro laterale fra veicoli in marcia;Rotatoria;Più di due carreggiate;Asciutto;Asfaltata;Verticale ed orizzontale;Sereno;Normale;Buona;Sufficiente;0;0;0;2;12.43852;41.89522;-1;1;Autovettura pubblica;In marcia / fermata / arresto;Conducente;F;Illeso;0;;;
3081201;17;01/12/2016 21:30;Strada Urbana;PIAZZA PIO XI;in corrispondenza;;del civico n.;93;;Scontro laterale fra veicoli in marcia;Rotatoria;Più di due carreggiate;Asciutto;Asfaltata;Verticale ed orizzontale;Sereno;Normale;Buona;Sufficiente;0;0;0;2;12.43852;41.89522;-1;2;Autovettura privata;In marcia / fermata / arresto;Conducente;M;Illeso;0;;;
3081204;8;01/12/2016 13:50;Strada Urbana;VIA GIORGIO GRAPPELLI;da specificare;;;;altezza palo luce 25;Scontro laterale fra veicoli in marcia;Pendenza;Due carreggiate;Asciutto;Asfaltata;Verticale ed orizzontale;Sereno;Normale;Sufficiente;Ore Diurne;0;0;0;3;12.65726;41.91175;-1;1;Autovettura privata;In marcia / fermata / arresto;Conducente;M;Illeso;0;;Non accertato;Inesploso
3081204;8;01/12/2016 13:50;Strada Urbana;VIA GIORGIO GRAPPELLI;da specificare;;;;altezza palo luce 25;Scontro laterale fra veicoli in marcia;Pendenza;Due carreggiate;Asciutto;Asfaltata;Verticale ed orizzontale;Sereno;Normale;Sufficiente;Ore Diurne;0;0;0;3;12.65726;41.91175;-1;1;Autovettura privata;In marcia / fermata / arresto;Passeggero;M;Illeso;0;;Non accertato;Inesploso
3081204;8;01/12/2016 13:50;Strada Urbana;VIA GIORGIO GRAPPELLI;da specificare;;;;altezza palo luce 25;Scontro laterale fra veicoli in marcia;Pendenza;Due carreggiate;Asciutto;Asfaltata;Verticale ed orizzontale;Sereno;Normale;Sufficiente;Ore Diurne;0;0;0;3;12.65726;41.91175;-1;2;Autocarro inferiore 35 q.;In marcia / fermata / arresto;Conducente;M;Illeso;0;;Non accertato;Inesploso
3081205;17;01/12/2016 21:30;Strada Urbana;PIAZZA CAVOUR;in prossimità;;del civico n.;33;;Investimento di pedone;Rettilineo;Una carreggiata a doppio senso;Asciutto;In cubetti di porfido;Verticale ed orizzontale;Sereno;Normale;Sufficiente;Sufficiente;1;0;0;2;12.47095;41.90543;-1;;;;Pedone;M;Illeso;0;;;
3081205;17;01/12/2016 21:30;Strada Urbana;PIAZZA CAVOUR;in prossimità;;del civico n.;33;;Investimento di pedone;Rettilineo;Una carreggiata a doppio senso;Asciutto;In cubetti di porfido;Verticale ed orizzontale;Sereno;Normale;Sufficiente;Sufficiente;1;0;0;2;12.47095;41.90543;-1;;;;Pedone;M;Rimandato;0;NON DECEDUTO;;
3081205;17;01/12/2016 21:30;Strada Urbana;PIAZZA CAVOUR;in prossimità;;del civico n.;33;;Investimento di pedone;Rettilineo;Una carreggiata a doppio senso;Asciutto;In cubetti di porfido;Verticale ed orizzontale;Sereno;Normale;Sufficiente;Sufficiente;1;0;0;2;12.47095;41.90543;-1;1;Autovettura privata;In marcia / fermata / arresto;Conducente;M;Illeso;0;;Non accertato;Inesploso
3081207;4;01/12/2016 13:30;Strada Urbana;VIA VAL DI SANGRO;in corrispondenza;;del civico n.;06-ago;;Veicolo in marcia contro veicolo fermo;Rettilineo;Una carreggiata a senso unico di marcia;Asciutto;Asfaltata;Verticale ed orizzontale;Sereno;Normale;Buona;Ore Diurne;0;0;0;3;12.52041;41.94316;-1;1;Autovettura privata;In marcia / fermata / arresto;Conducente;M;Illeso;0;;Non accertato;Inesploso
3081207;4;01/12/2016 13:30;Strada Urbana;VIA VAL DI SANGRO;in corrispondenza;;del civico n.;06-ago;;Veicolo in marcia contro veicolo fermo;Rettilineo;Una carreggiata a senso unico di marcia;Asciutto;Asfaltata;Verticale ed orizzontale;Sereno;Normale;Buona;Ore Diurne;0;0;0;3;12.52041;41.94316;-1;2;Autovettura privata;In marcia / fermata / arresto;Conducente;F;Illeso;0;;Non accertato;Inesploso
3081207;4;01/12/2016 13:30;Strada Urbana;VIA VAL DI SANGRO;in corrispondenza;;del civico n.;06-ago;;Veicolo in marcia contro veicolo fermo;Rettilineo;Una carreggiata a senso unico di marcia;Asciutto;Asfaltata;Verticale ed orizzontale;Sereno;Normale;Buona;Ore Diurne;0;0;0;3;12.52041;41.94316;-1;2;Autovettura privata;In marcia / fermata / arresto;Passeggero;F;Illeso;0;;Non accertato;Inesploso
3081208;8;01/12/2016 12:30;Strada Urbana;VIA DEL TORRACCIO DI TORRENOVA;all'intersezione con;VIA FABRIZIO CHIARI;VIA FABRIZIO CHIARI;;;Scontro frontale/laterale DX fra veicoli in marcia;Incrocio;Una carreggiata a doppio senso;Asciutto;Asfaltata;Verticale ed orizzontale;Sereno;Normale;Buona;Ore Diurne;0;0;0;4;12.62578;41.86848;-1;1;Autovettura privata;In marcia / fermata / arresto;Conducente;F;Illeso;0;;Non accertato;Inesploso
3081208;8;01/12/2016 12:30;Strada Urbana;VIA DEL TORRACCIO DI TORRENOVA;all'intersezione con;VIA FABRIZIO CHIARI;VIA FABRIZIO CHIARI;;;Scontro frontale/laterale DX fra veicoli in marcia;Incrocio;Una carreggiata a doppio senso;Asciutto;Asfaltata;Verticale ed orizzontale;Sereno;Normale;Buona;Ore Diurne;0;0;0;4;12.62578;41.86848;-1;1;Autovettura privata;In marcia / fermata / arresto;Passeggero;F;Illeso;0;;Non accertato;Inesploso
3081208;8;01/12/2016 12:30;Strada Urbana;VIA DEL TORRACCIO DI TORRENOVA;all'intersezione con;VIA FABRIZIO CHIARI;VIA FABRIZIO CHIARI;;;Scontro frontale/laterale DX fra veicoli in marcia;Incrocio;Una carreggiata a doppio senso;Asciutto;Asfaltata;Verticale ed orizzontale;Sereno;Normale;Buona;Ore Diurne;0;0;0;4;12.62578;41.86848;-1;2;Autovettura privata;In marcia / fermata / arresto;Conducente;M;Illeso;0;;Non accertato;Inesploso
3081208;8;01/12/2016 12:30;Strada Urbana;VIA DEL TORRACCIO DI TORRENOVA;all'intersezione con;VIA FABRIZIO CHIARI;VIA FABRIZIO CHIARI;;;Scontro frontale/laterale DX fra veicoli in marcia;Incrocio;Una carreggiata a doppio senso;Asciutto;Asfaltata;Verticale ed orizzontale;Sereno;Normale;Buona;Ore Diurne;0;0;0;4;12.62578;41.86848;-1;2;Autovettura privata;In marcia / fermata / arresto;Passeggero;M;Illeso;0;;Non accertato;Inesploso
3081211;8;01/12/2016 15:15;Provinciale entro l'abitato;VIA PRENESTINA;in prossimità;;del civico n.;1090;;Scontro laterale fra veicoli in marcia;Rettilineo;Una carreggiata a doppio senso;Asciutto;Asfaltata;Verticale ed orizzontale;Sereno;Normale;Buona;Ore Diurne;0;0;0;4;12.61576;41.89247;-1;1;Autocarro inferiore 35 q.;In marcia / fermata / arresto;Conducente;M;Illeso;0;;Non accertato;Inesploso
3081211;8;01/12/2016 15:15;Provinciale entro l'abitato;VIA PRENESTINA;in prossimità;;del civico n.;1090;;Scontro laterale fra veicoli in marcia;Rettilineo;Una carreggiata a doppio senso;Asciutto;Asfaltata;Verticale ed orizzontale;Sereno;Normale;Buona;Ore Diurne;0;0;0;4;12.61576;41.89247;-1;2;Autovettura privata;In marcia / fermata / arresto;Conducente;M;Illeso;0;;Non accertato;Inesploso
3081211;8;01/12/2016 15:15;Provinciale entro l'abitato;VIA PRENESTINA;in prossimità;;del civico n.;1090;;Scontro laterale fra veicoli in marcia;Rettilineo;Una carreggiata a doppio senso;Asciutto;Asfaltata;Verticale ed orizzontale;Sereno;Normale;Buona;Ore Diurne;0;0;0;4;12.61576;41.89247;-1;2;Autovettura privata;In marcia / fermata / arresto;Passeggero;F;Illeso;0;;Non accertato;Inesploso
3081211;8;01/12/2016 15:15;Provinciale entro l'abitato;VIA PRENESTINA;in prossimità;;del civico n.;1090;;Scontro laterale fra veicoli in marcia;Rettilineo;Una carreggiata a doppio senso;Asciutto;Asfaltata;Verticale ed orizzontale;Sereno;Normale;Buona;Ore Diurne;0;0;0;4;12.61576;41.89247;-1;2;Autovettura privata;In marcia / fermata / arresto;Passeggero;M;Illeso;0;;Non accertato;Inesploso
3081217;19;01/12/2016 09:15;Strada Urbana;VIA GORLAGO;in prossimità;;del civico n.;21;;Ribaltamento senza urto contro ostacolo fisso;Rettilineo;Una carreggiata a doppio senso;Ghiacciato;Asfaltata;Assente;Sereno;Normale;Buona;Ore Diurne;0;0;0;1;12.38576;41.9405;-1;1;Motociclo a solo;In marcia / fermata / arresto;Conducente;M;Illeso;0;;Non accertato;
3081239;2;01/12/2016 08:55;Strada Urbana;VIA SALARIA;in corrispondenza;;del civico n.;224/a;;Investimento di pedone;Rettilineo;Una carreggiata a doppio senso;Asciutto;Asfaltata;Verticale ed orizzontale;Sereno;Intenso;Buona;Ore Diurne;1;0;0;1;12.58248;42.05767;-1;;;;Pedone;F;Ricoverato;0;NON DECEDUTO;;
3081239;2;01/12/2016 08:55;Strada Urbana;VIA SALARIA;in corrispondenza;;del civico n.;224/a;;Investimento di pedone;Rettilineo;Una carreggiata a doppio senso;Asciutto;Asfaltata;Verticale ed orizzontale;Sereno;Intenso;Buona;Ore Diurne;1;0;0;1;12.58248;42.05767;-1;1;Motociclo a solo;In marcia / fermata / arresto;Conducente;M;Illeso;0;;Non accertato;
3081246;15;02/12/2016 09:20;Strada Urbana;VIA ODERISI DA GUBBIO;in prossimità;;del civico n.;124;;Scontro laterale fra veicoli in marcia;Rettilineo;Una carreggiata a doppio senso;Asciutto;Asfaltata;Orizzontale;Sereno;Normale;Buona;Ore Diurne;0;0;0;3;12.46522;41.86544;-1;1;Autovettura di polizia;In marcia / fermata / arresto;Conducente;M;Illeso;0;;Non accertato;Inesploso
3081246;15;02/12/2016 09:20;Strada Urbana;VIA ODERISI DA GUBBIO;in prossimità;;del civico n.;124;;Scontro laterale fra veicoli in marcia;Rettilineo;Una carreggiata a doppio senso;Asciutto;Asfaltata;Orizzontale;Sereno;Normale;Buona;Ore Diurne;0;0;0;3;12.46522;41.86544;-1;1;Autovettura di polizia;In marcia / fermata / arresto;Passeggero;M;Illeso;0;;Non accertato;Inesploso
3081246;15;02/12/2016 09:20;Strada Urbana;VIA ODERISI DA GUBBIO;in prossimità;;del civico n.;124;;Scontro laterale fra veicoli in marcia;Rettilineo;Una carreggiata a doppio senso;Asciutto;Asfaltata;Orizzontale;Sereno;Normale;Buona;Ore Diurne;0;0;0;3;12.46522;41.86544;-1;2;Autovettura privata;In marcia / fermata / arresto;Conducente;M;Illeso;0;;Non accertato;Inesploso
3081253;12;01/12/2016 18:10;Strada Urbana;VIALE DELL'OCEANO PACIFICO;da specificare;;;;uscita centro commerciale Euroma 2;Tamponamento;Rettilineo;Una carreggiata a senso unico di marcia;Asciutto;Asfaltata;Verticale;Sereno;Intenso;Buona;Sufficiente;0;0;0;3;12.46171;41.81895;-1;1;Autovettura privata;In marcia / fermata / arresto;Conducente;F;Illeso;0;;Utilizzato;Inesploso
3081253;12;01/12/2016 18:10;Strada Urbana;VIALE DELL'OCEANO PACIFICO;da specificare;;;;uscita centro commerciale Euroma 2;Tamponamento;Rettilineo;Una carreggiata a senso unico di marcia;Asciutto;Asfaltata;Verticale;Sereno;Intenso;Buona;Sufficiente;0;0;0;3;12.46171;41.81895;-1;1;Autovettura privata;In marcia / fermata / arresto;Passeggero;F;Illeso;0;;Utilizzato;Inesploso
3081253;12;01/12/2016 18:10;Strada Urbana;VIALE DELL'OCEANO PACIFICO;da specificare;;;;uscita centro commerciale Euroma 2;Tamponamento;Rettilineo;Una carreggiata a senso unico di marcia;Asciutto;Asfaltata;Verticale;Sereno;Intenso;Buona;Sufficiente;0;0;0;3;12.46171;41.81895;-1;2;Autovettura privata;In marcia / fermata / arresto;Conducente;F;Illeso;0;;Utilizzato;Inesploso
3081261;9;02/12/2016 09:30;Strada Urbana;VIA CILICIA;da specificare;;;;in prossimità via Appia Antica ;Tamponamento Multiplo;Rettilineo;Due carreggiate;Asciutto;Asfaltata;Verticale ed orizzontale;Sereno;Intenso;Buona;Ore Diurne;0;0;0;3;12.50171;41.87114;-1;1;Autovettura privata;In marcia / fermata / arresto;Conducente;M;Illeso;0;;Non accertato;Inesploso
3081261;9;02/12/2016 09:30;Strada Urbana;VIA CILICIA;da specificare;;;;in prossimità via Appia Antica ;Tamponamento Multiplo;Rettilineo;Due carreggiate;Asciutto;Asfaltata;Verticale ed orizzontale;Sereno;Intenso;Buona;Ore Diurne;0;0;0;3;12.50171;41.87114;-1;2;Autovettura privata;In marcia / fermata / arresto;Conducente;M;Illeso;0;;Non accertato;Inesploso
3081261;9;02/12/2016 09:30;Strada Urbana;VIA CILICIA;da specificare;;;;in prossimità via Appia Antica ;Tamponamento Multiplo;Rettilineo;Due carreggiate;Asciutto;Asfaltata;Verticale ed orizzontale;Sereno;Intenso;Buona;Ore Diurne;0;0;0;3;12.50171;41.87114;-1;3;Autovettura privata;In marcia / fermata / arresto;Conducente;M;Illeso;0;;Non accertato;Inesploso
3081267;20;02/12/2016 09:20;Strada Urbana;VIA GERMANA STEFANINI;all'intersezione con;VIA SANTI COSMA E DAMIANO;VIA SANTI COSMA E DAMIANO;;;Scontro frontale fra veicoli in marcia;Incrocio;Una carreggiata a doppio senso;Asciutto;Asfaltata;Verticale ed orizzontale;Nuvoloso;Scarso;Buona;Ore Diurne;0;0;0;2;12.44798;41.9711;-1;1;Autovettura privata;In marcia / fermata / arresto;Conducente;M;Illeso;0;;Non accertato;Inesploso
3081267;20;02/12/2016 09:20;Strada Urbana;VIA GERMANA STEFANINI;all'intersezione con;VIA SANTI COSMA E DAMIANO;VIA SANTI COSMA E DAMIANO;;;Scontro frontale fra veicoli in marcia;Incrocio;Una carreggiata a doppio senso;Asciutto;Asfaltata;Verticale ed orizzontale;Nuvoloso;Scarso;Buona;Ore Diurne;0;0;0;2;12.44798;41.9711;-1;2;Autovettura privata;In marcia / fermata / arresto;Conducente;M;Illeso;0;;Non accertato;Inesistente
3081271;7;02/12/2016 08:45;Strada Urbana;VIALE DELLA PRIMAVERA;in corrispondenza;;del civico n.;24;;Veicolo in marcia contro veicolo arresto;Rettilineo;Una carreggiata a doppio senso;Asciutto;Asfaltata;Verticale ed orizzontale;Sereno;Normale;Buona;Ore Diurne;0;0;0;2;12.56097;41.88744;-1;1;Autovettura privata;In marcia / fermata / arresto;Conducente;M;Illeso;0;;Non accertato;Inesploso
3081271;7;02/12/2016 08:45;Strada Urbana;VIALE DELLA PRIMAVERA;in corrispondenza;;del civico n.;24;;Veicolo in marcia contro veicolo arresto;Rettilineo;Una carreggiata a doppio senso;Asciutto;Asfaltata;Verticale ed orizzontale;Sereno;Normale;Buona;Ore Diurne;0;0;0;2;12.56097;41.88744;-1;2;Autovettura privata;In marcia / fermata / arresto;Conducente;F;Illeso;0;;Non accertato;Inesploso
3081273;12;01/12/2016 15:55;Strada Urbana;VIA DI MEZZOCAMMINO;da specificare;;;;Prox. Via Alfonsine - dir. Via Ostiense;Veicolo in marcia contro ostacolo accidentale;Rettilineo;Una carreggiata a doppio senso;Asciutto;Asfaltata;Verticale ed orizzontale;Sereno;Normale;Buona;Ore Diurne;0;0;0;1;12.43536;41.78812;-1;1;Autovettura privata;In marcia / fermata / arresto;Conducente;M;Illeso;0;;Non accertato;Inesploso
3081274;17;02/12/2016 09:30;Strada Urbana;CIRCONVALLAZIONE CLODIA;in prossimità;;del civico n.;3;;Scontro laterale fra veicoli in marcia;Rettilineo;Una carreggiata a doppio senso;Asciutto;Asfaltata;Verticale ed orizzontale;Sereno;Normale;Buona;Ore Diurne;0;0;0;2;12.45193;41.91444;-1;1;Autovettura privata;In marcia / fermata / arresto;Conducente;M;Illeso;0;;Non accertato;Inesploso
3081274;17;02/12/2016 09:30;Strada Urbana;CIRCONVALLAZIONE CLODIA;in prossimità;;del civico n.;3;;Scontro laterale fra veicoli in marcia;Rettilineo;Una carreggiata a doppio senso;Asciutto;Asfaltata;Verticale ed orizzontale;Sereno;Normale;Buona;Ore Diurne;0;0;0;2;12.45193;41.91444;-1;2;Autovettura privata;In marcia / fermata / arresto;Conducente;F;Illeso;0;;Non accertato;Inesploso
3081279;4;01/12/2016 13:00;Strada Urbana;VIA GIUSEPPE DE SANTIS;in prossimità;;del civico n.;19;;Tamponamento;Rettilineo;Una carreggiata a doppio senso;Asciutto;Asfaltata;Verticale ed orizzontale;Sereno;Intenso;Buona;Ore Diurne;0;0;0;3;12.53709;41.96556;-1;1;Autocarro inferiore 35 q.;In marcia / fermata / arresto;Conducente;M;Illeso;0;;Non accertato;Inesploso
3081279;4;01/12/2016 13:00;Strada Urbana;VIA GIUSEPPE DE SANTIS;in prossimità;;del civico n.;19;;Tamponamento;Rettilineo;Una carreggiata a doppio senso;Asciutto;Asfaltata;Verticale ed orizzontale;Sereno;Intenso;Buona;Ore Diurne;0;0;0;3;12.53709;41.96556;-1;1;Autocarro inferiore 35 q.;In marcia / fermata / arresto;Passeggero;M;Illeso;0;;Non accertato;Inesploso