Protocollo;Gruppo;DataOraIncidente;Localizzazione1;STRADA1;Localizzazione2;STRADA2;Strada02;Chilometrica;DaSpecificare;NaturaIncidente;particolaritastrade;TipoStrada;FondoStradale;Pavimentazione;Segnaletica;CondizioneAtmosferica;Traffico;Visibilita;Illuminazione;NUM_FERITI;NUM_RISERVATA;NUM_MORTI;NUM_ILLESI;Longitudine;Latitudine;Confermato;Progressivo;TipoVeicolo;StatoVeicolo;TipoPersona;Sesso;Tipolesione;Deceduto;DecedutoDopo;CinturaCascoUtilizzato;Airbag
3091279;8;09/12/2016 19:40;Strada Urbana;VIALE DI TORRE MAURA;all'intersezione con;VIA DI TORRE SPACCATA;VIA DI TORRE SPACCATA;;;Scontro frontale/laterale DX fra veicoli in marcia;Incrocio;Due carreggiate;Asciutto;Asfaltata;Verticale ed orizzontale;Sereno;Normale;Sufficiente;Sufficiente;0;0;0;4;12.59222;41.86023;-1;2;Autovettura privata;In marcia / fermata / arresto;Passeggero;F;Illeso;0;;Utilizzato;Inesploso
3091280;8;09/12/2016 17:30;Statale entro l'abitato;VIA CASILINA;in prossimità;;del civico n.;1208;;Scontro frontale/laterale DX fra veicoli in marcia;Rettilineo;Una carreggiata a doppio senso;Asciutto;Asfaltata;Verticale ed orizzontale;Sereno;Normale;Buona;Sufficiente;1;0;0;1;12.60317;41.86488;-1;1;Motociclo a solo;In marcia / fermata / arresto;Conducente;M;Rifiuta cure immediate;0;NON DECEDUTO;Non accertato;
3091280;8;09/12/2016 17:30;Statale entro l'abitato;VIA CASILINA;in prossimità;;del civico n.;1208;;Scontro frontale/laterale DX fra veicoli in marcia;Rettilineo;Una carreggiata a doppio senso;Asciutto;Asfaltata;Verticale ed orizzontale;Sereno;Normale;Buona;Sufficiente;1;0;0;1;12.60317;41.86488;-1;2;Autovettura privata;In marcia / fermata / arresto;Conducente;M;Illeso;0;;Non accertato;Inesploso
3091281;20;09/12/2016 05:20;Strada Urbana;VIA COURMAYEUR;in prossimità;;del civico n.;83;;Veicolo in marcia contro veicoli in sosta;Curva a visuale libera;Una carreggiata a senso unico di marcia;Asciutto;Asfaltata;Verticale;Sereno;Scarso;Buona;Sufficiente;0;0;0;2;12.43857;41.94766;-1;1;Autovettura privata;In marcia / fermata / arresto;Passeggero;M;Illeso;0;;Non accertato;
3091281;20;09/12/2016 05:20;Strada Urbana;VIA COURMAYEUR;in prossimità;;del civico n.;83;;Veicolo in marcia contro veicoli in sosta;Curva a visuale libera;Una carreggiata a senso unico di marcia;Asciutto;Asfaltata;Verticale;Sereno;Scarso;Buona;Sufficiente;0;0;0;2;12.43857;41.94766;-1;1;Autovettura privata;In marcia / fermata / arresto;Passeggero;F;Illeso;0;;Non accertato;
3091282;8;09/12/2016 16:15;Strada Urbana;VIA DELL'AIRONE;all'intersezione con;VIA DEI FAGIANI;VIA DEI FAGIANI;;;Scontro frontale fra veicoli in marcia;Incrocio;Una carreggiata a doppio senso;Asciutto;Asfaltata;Verticale ed orizzontale;Sereno;Normale;Buona;Ore Diurne;0;0;0;2;12.59483;41.8662;-1;1;Autovettura privata;In marcia / fermata / arresto;Conducente;M;Illeso;0;;Non accertato;Inesploso
3091282;8;09/12/2016 16:15;Strada Urbana;VIA DELL'AIRONE;all'intersezione con;VIA DEI FAGIANI;VIA DEI FAGIANI;;;Scontro frontale fra veicoli in marcia;Incrocio;Una carreggiata a doppio senso;Asciutto;Asfaltata;Verticale ed orizzontale;Sereno;Normale;Buona;Ore Diurne;0;0;0;2;12.59483;41.8662;-1;2;Autovettura privata;In marcia / fermata / arresto;Conducente;M;Illeso;0;;Non accertato;Inesploso
3091284;8;09/12/2016 15:30;Strada Urbana;VIALE GUIDO CARLI;in prossimità;;del palo luce n.;7;;Tamponamento;Rettilineo;Una carreggiata a senso unico di marcia;Asciutto;Asfaltata;Verticale ed orizzontale;Sereno;Normale;Buona;Ore Diurne;1;0;0;1;12.64704;41.84318;-1;1;Velocipede;In marcia / fermata / arresto;Conducente;M;Ricoverato;0;NON DECEDUTO;Esente;
3091284;8;09/12/2016 15:30;Strada Urbana;VIALE GUIDO CARLI;in prossimità;;del palo luce n.;7;;Tamponamento;Rettilineo;Una carreggiata a senso unico di marcia;Asciutto;Asfaltata;Verticale ed orizzontale;Sereno;Normale;Buona;Ore Diurne;1;0;0;1;12.64704;41.84318;-1;2;Autocarro inferiore 35 q.;In marcia / fermata / arresto;Conducente;M;Illeso;0;;Non accertato;Inesploso
3091285;8;09/12/2016 12:50;Strada Urbana;VIA AVOLA;in prossimità;;del civico n.;91;;Scontro frontale/laterale SX fra veicoli in marcia;Curva a visuale libera;Una carreggiata a doppio senso;Asciutto;Con buche;Orizzontale;Sereno;Scarso;Buona;Ore Diurne;1;0;0;1;12.65869;41.88523;-1;1;Motociclo a solo;In marcia / fermata / arresto;Conducente;M;Rimandato;0;NON DECEDUTO;Non accertato;
3091285;8;09/12/2016 12:50;Strada Urbana;VIA AVOLA;in prossimità;;del civico n.;91;;Scontro frontale/laterale SX fra veicoli in marcia;Curva a visuale libera;Una carreggiata a doppio senso;Asciutto;Con buche;Orizzontale;Sereno;Scarso;Buona;Ore Diurne;1;0;0;1;12.65869;41.88523;-1;2;Autovettura privata;In marcia / fermata / arresto;Conducente;M;Illeso;0;;Non accertato;Inesploso
3091286;8;09/12/2016 08:20;Strada Urbana;VIA DI FONTANA CANDIDA;all'intersezione con;VIA RIBERA;VIA RIBERA;;;Scontro frontale/laterale DX fra veicoli in marcia;Incrocio;Una carreggiata a doppio senso;Asciutto;Lastricata;Verticale;Sereno;Normale;Buona;Ore Diurne;1;0;0;2;12.68811;41.86074;-1;1;Autovettura privata;In marcia / fermata / arresto;Conducente;F;Rimandato;0;NON DECEDUTO;Non accertato;Inesploso
3091286;8;09/12/2016 08:20;Strada Urbana;VIA DI FONTANA CANDIDA;all'intersezione con;VIA RIBERA;VIA RIBERA;;;Scontro frontale/laterale DX fra veicoli in marcia;Incrocio;Una carreggiata a doppio senso;Asciutto;Lastricata;Verticale;Sereno;Normale;Buona;Ore Diurne;1;0;0;2;12.68811;41.86074;-1;1;Autovettura privata;In marcia / fermata / arresto;Passeggero;M;Illeso;0;;Non accertato;Inesploso
3091286;8;09/12/2016 08:20;Strada Urbana;VIA DI FONTANA CANDIDA;all'intersezione con;VIA RIBERA;VIA RIBERA;;;Scontro frontale/laterale DX fra veicoli in marcia;Incrocio;Una carreggiata a doppio senso;Asciutto;Lastricata;Verticale;Sereno;Normale;Buona;Ore Diurne;1;0;0;2;12.68811;41.86074;-1;2;Autovettura privata;In marcia / fermata / arresto;Conducente;M;Illeso;0;;Non accertato;Inesploso
3091288;8;09/12/2016 12:00;Strada Urbana;VIALE OXFORD;da specificare;;;;rampa di collegamento a V. Casilina dir Frosinone;Veicolo in marcia contro ostacolo accidentale;Rettilineo;Una carreggiata a senso unico di marcia;Asciutto;Con buche;Orizzontale;Sereno;Normale;Buona;Ore Diurne;0;0;0;1;12.62775;41.86036;-1;1;Motociclo a solo;In marcia / fermata / arresto;Conducente;M;Illeso;0;;Non accertato;
3091289;8;09/12/2016 12:15;Strada Urbana;VIA LENTINI;in prossimità;;del palo luce n.;13;;Veicolo in marcia contro ostacolo accidentale;Rettilineo;Una carreggiata a senso unico di marcia;Asciutto;Asfaltata;Verticale;Sereno;Scarso;Buona;Ore Diurne;0;0;0;1;12.66589;41.85943;-1;1;Autovettura privata;In marcia / fermata / arresto;Conducente;M;Illeso;0;;Non accertato;Inesploso
3091294;17;09/12/2016 01:00;Strada Urbana;VIA ENRICO FERMI;all'intersezione con;VIA GIUSEPPE PEANO;VIA GIUSEPPE PEANO;;;Scontro frontale fra veicoli in marcia;Incrocio;Due carreggiate;Asciutto;Asfaltata;Orizzontale;Sereno;Scarso;Sufficiente;Sufficiente;2;0;0;1;12.47169;41.86461;-1;1;Motociclo con passeggero;In marcia / fermata / arresto;Conducente;M;Rifiuta cure immediate;0;NON DECEDUTO;Non accertato;
3091294;17;09/12/2016 01:00;Strada Urbana;VIA ENRICO FERMI;all'intersezione con;VIA GIUSEPPE PEANO;VIA GIUSEPPE PEANO;;;Scontro frontale fra veicoli in marcia;Incrocio;Due carreggiate;Asciutto;Asfaltata;Orizzontale;Sereno;Scarso;Sufficiente;Sufficiente;2;0;0;1;12.47169;41.86461;-1;1;Motociclo con passeggero;In marcia / fermata / arresto;Passeggero;F;Rimandato;0;NON DECEDUTO;Non utilizzato;
3091294;17;09/12/2016 01:00;Strada Urbana;VIA ENRICO FERMI;all'intersezione con;VIA GIUSEPPE PEANO;VIA GIUSEPPE PEANO;;;Scontro frontale fra veicoli in marcia;Incrocio;Due carreggiate;Asciutto;Asfaltata;Orizzontale;Sereno;Scarso;Sufficiente;Sufficiente;2;0;0;1;12.47169;41.86461;-1;2;Autovettura privata;In marcia / fermata / arresto;Conducente;M;Illeso;0;;Non accertato;Inesploso
3091305;13;09/12/2016 17:50;Strada Urbana;VIA OSTIENSE;all'intersezione con;VIA PAVULLO NEL FRIGNANO;VIA PAVULLO NEL FRIGNANO;;;Scontro frontale fra veicoli in marcia;Incrocio;Una carreggiata a doppio senso;Asciutto;Asfaltata;Verticale ed orizzontale;Sereno;Normale;Buona;Sufficiente;0;0;0;3;12.3829;41.79165;-1;1;Autovettura privata;In marcia / fermata / arresto;Conducente;M;Illeso;0;;Non accertato;Inesploso
3091305;13;09/12/2016 17:50;Strada Urbana;VIA OSTIENSE;all'intersezione con;VIA PAVULLO NEL FRIGNANO;VIA PAVULLO NEL FRIGNANO;;;Scontro frontale fra veicoli in marcia;Incrocio;Una carreggiata a doppio senso;Asciutto;Asfaltata;Verticale ed orizzontale;Sereno;Normale;Buona;Sufficiente;0;0;0;3;12.3829;41.79165;-1;1;Autovettura privata;In marcia / fermata / arresto;Passeggero;M;Illeso;0;;Non accertato;Inesploso
3091305;13;09/12/2016 17:50;Strada Urbana;VIA OSTIENSE;all'intersezione con;VIA PAVULLO NEL FRIGNANO;VIA PAVULLO NEL FRIGNANO;;;Scontro frontale fra veicoli in marcia;Incrocio;Una carreggiata a doppio senso;Asciutto;Asfaltata;Verticale ed orizzontale;Sereno;Normale;Buona;Sufficiente;0;0;0;3;12.3829;41.79165;-1;2;Motociclo a solo;In marcia / fermata / arresto;Conducente;M;Illeso;0;;;
3091306;13;09/12/2016 13:20;Strada Urbana;VIALE DELLA MARINA;da specificare;;;;prossimità Via Granito di Belmonte;Scontro laterale fra veicoli in marcia;Rettilineo;Una carreggiata a senso unico di marcia;Asciutto;Asfaltata;Assente;Sereno;Normale;Buona;Ore Diurne;0;0;0;4;12.27734;41.73101;-1;1;Autovettura privata;In marcia / fermata / arresto;Conducente;F;Illeso;0;;Non accertato;Inesploso
3091306;13;09/12/2016 13:20;Strada Urbana;VIALE DELLA MARINA;da specificare;;;;prossimità Via Granito di Belmonte;Scontro laterale fra veicoli in marcia;Rettilineo;Una carreggiata a senso unico di marcia;Asciutto;Asfaltata;Assente;Sereno;Normale;Buona;Ore Diurne;0;0;0;4;12.27734;41.73101;-1;1;Autovettura privata;In marcia / fermata / arresto;Passeggero;M;Illeso;0;;Non accertato;Inesploso
3091306;13;09/12/2016 13:20;Strada Urbana;VIALE DELLA MARINA;da specificare;;;;prossimità Via Granito di Belmonte;Scontro laterale fra veicoli in marcia;Rettilineo;Una carreggiata a senso unico di marcia;Asciutto;Asfaltata;Assente;Sereno;Normale;Buona;Ore Diurne;0;0;0;4;12.27734;41.73101;-1;1;Autovettura privata;In marcia / fermata / arresto;Passeggero;M;Illeso;0;;;
3091306;13;09/12/2016 13:20;Strada Urbana;VIALE DELLA MARINA;da specificare;;;;prossimità Via Granito di Belmonte;Scontro laterale fra veicoli in marcia;Rettilineo;Una carreggiata a senso unico di marcia;Asciutto;Asfaltata;Assente;Sereno;Normale;Buona;Ore Diurne;0;0;0;4;12.27734;41.73101;-1;2;Autovettura privata;In marcia / fermata / arresto;Conducente;M;Illeso;0;;Non accertato;Inesploso
3091309;13;09/12/2016 00:30;Strada Urbana;VIA ROMUALDO MARENCO;in corrispondenza;;del civico n.;24;;Fuoriuscita dalla sede stradale;Rettilineo;Una carreggiata a doppio senso;Asciutto;Asfaltata;Assente;Sereno;Normale;Buona;Ore Diurne;0;0;0;1;12.36652;41.74057;-1;1;Autovettura privata;In marcia / fermata / arresto;Conducente;M;Illeso;0;;Non accertato;Inesploso
3091310;13;10/12/2016 03:29;Strada Urbana;VIA CRISTOFORO COLOMBO;da specificare;;;;altezza Via di Acilia;Tamponamento Multiplo;Rettilineo;Più di due carreggiate;Asciutto;Asfaltata;Verticale ed orizzontale;Sereno;Scarso;Sufficiente;Sufficiente;1;0;0;4;12.38197;41.7657;-1;1;Autovettura privata;In marcia / fermata / arresto;Conducente;M;Illeso;0;;Non accertato;Inesploso
3091310;13;10/12/2016 03:29;Strada Urbana;VIA CRISTOFORO COLOMBO;da specificare;;;;altezza Via di Acilia;Tamponamento Multiplo;Rettilineo;Più di due carreggiate;Asciutto;Asfaltata;Verticale ed orizzontale;Sereno;Scarso;Sufficiente;Sufficiente;1;0;0;4;12.38197;41.7657;-1;2;Autovettura privata;In marcia / fermata / arresto;Conducente;M;Illeso;0;;Non accertato;Inesploso
3091310;13;10/12/2016 03:29;Strada Urbana;VIA CRISTOFORO COLOMBO;da specificare;;;;altezza Via di Acilia;Tamponamento Multiplo;Rettilineo;Più di due carreggiate;Asciutto;Asfaltata;Verticale ed orizzontale;Sereno;Scarso;Sufficiente;Sufficiente;1;0;0;4;12.38197;41.7657;-1;2;Autovettura privata;In marcia / fermata / arresto;Passeggero;F;Rimandato;0;NON DECEDUTO;Non accertato;Inesploso
3091310;13;10/12/2016 03:29;Strada Urbana;VIA CRISTOFORO COLOMBO;da specificare;;;;altezza Via di Acilia;Tamponamento Multiplo;Rettilineo;Più di due carreggiate;Asciutto;Asfaltata;Verticale ed orizzontale;Sereno;Scarso;Sufficiente;Sufficiente;1;0;0;4;12.38197;41.7657;-1;2;Autovettura privata;In marcia / fermata / arresto;Passeggero;M;Illeso;0;;;
3091310;13;10/12/2016 03:29;Strada Urbana;VIA CRISTOFORO COLOMBO;da specificare;;;;altezza Via di Acilia;Tamponamento Multiplo;Rettilineo;Più di due carreggiate;Asciutto;Asfaltata;Verticale ed orizzontale;Sereno;Scarso;Sufficiente;Sufficiente;1;0;0;4;12.38197;41.7657;-1;3;Autovettura privata;In marcia / fermata / arresto;Conducente;M;Illeso;0;;Non accertato;Inesploso
3091315;20;09/12/2016 21:15;Strada Urbana;CORSO DI FRANCIA;in corrispondenza;;del civico n.;158;;Tamponamento;Rettilineo;Due carreggiate;Asciutto;Asfaltata;Verticale ed orizzontale;Sereno;Normale;Sufficiente;Sufficiente;0;0;0;2;12.47004;41.9434;-1;1;Autovettura privata;In marcia / fermata / arresto;Conducente;M;Illeso;0;;Non accertato;Inesploso
3091315;20;09/12/2016 21:15;Strada Urbana;CORSO DI FRANCIA;in corrispondenza;;del civico n.;158;;Tamponamento;Rettilineo;Due carreggiate;Asciutto;Asfaltata;Verticale ed orizzontale;Sereno;Normale;Sufficiente;Sufficiente;0;0;0;2;12.47004;41.9434;-1;2;Autovettura privata;In marcia / fermata / arresto;Conducente;M;Illeso;0;;;
3091320;20;09/12/2016 17:40;Regionale;VIA FLAMINIA NUOVA;da specificare;;;;ALT. kM 8,300 DIR. CENTRO;Tamponamento Multiplo;Curva a visuale libera;Una carreggiata a senso unico di marcia;Asciutto;Asfaltata;Assente;Sereno;Normale;Buona;Sufficiente;2;0;0;2;12.4872;41.96095;-1;1;Autovettura privata;In marcia / fermata / arresto;Conducente;M;Illeso;0;;;
3091320;20;09/12/2016 17:40;Regionale;VIA FLAMINIA NUOVA;da specificare;;;;ALT. kM 8,300 DIR. CENTRO;Tamponamento Multiplo;Curva a visuale libera;Una carreggiata a senso unico di marcia;Asciutto;Asfaltata;Assente;Sereno;Normale;Buona;Sufficiente;2;0;0;2;12.4872;41.96095;-1;2;Autovettura privata;In marcia / fermata / arresto;Conducente;F;Rifiuta cure immediate;0;NON DECEDUTO;;
3091320;20;09/12/2016 17:40;Regionale;VIA FLAMINIA NUOVA;da specificare;;;;ALT. kM 8,300 DIR. CENTRO;Tamponamento Multiplo;Curva a visuale libera;Una carreggiata a senso unico di marcia;Asciutto;Asfaltata;Assente;Sereno;Normale;Buona;Sufficiente;2;0;0;2;12.4872;41.96095;-1;2;Autovettura privata;In marcia / fermata / arresto;Passeggero;M;Rifiuta cure immediate;0;NON DECEDUTO;;
3091320;20;09/12/2016 17:40;Regionale;VIA FLAMINIA NUOVA;da specificare;;;;ALT. kM 8,300 DIR. CENTRO;Tamponamento Multiplo;Curva a visuale libera;Una carreggiata a senso unico di marcia;Asciutto;Asfaltata;Assente;Sereno;Normale;Buona;Sufficiente;2;0;0;2;12.4872;41.96095;-1;3;Autovettura privata;In marcia / fermata / arresto;Conducente;M;Illeso;0;;;
3091333;9;10/12/2016 08:00;Strada Urbana;VIA TUSCOLANA;all'intersezione semaforizzata con;VIA DI PORTA FURBA;VIA DI PORTA FURBA;;;Scontro frontale/laterale DX fra veicoli in marcia;Incrocio;Due carreggiate;Asciutto;Asfaltata;Verticale ed orizzontale;Sereno;Normale;Buona;Ore Diurne;1;0;0;1;12.53814;41.86916;-1;1;Autovettura privata;In marcia / fermata / arresto;Conducente;M;Illeso;0;;;
3091333;9;10/12/2016 08:00;Strada Urbana;VIA TUSCOLANA;all'intersezione semaforizzata con;VIA DI PORTA FURBA;VIA DI PORTA FURBA;;;Scontro frontale/laterale DX fra veicoli in marcia;Incrocio;Due carreggiate;Asciutto;Asfaltata;Verticale ed orizzontale;Sereno;Normale;Buona;Ore Diurne;1;0;0;1;12.53814;41.86916;-1;2;Motociclo a solo;In marcia / fermata / arresto;Conducente;M;Rimandato;0;NON DECEDUTO;;
3091351;20;09/12/2016 11:00;Altra strada;VIALE DEI CIPRESSI;all'intersezione con;VIALE ARCICONFRATERNITA DI N. S.RA DI LOURDES;VIALE ARCICONFRATERNITA DI N. S.RA DI LOURDES;;;Scontro frontale fra veicoli in marcia;Incrocio;Una carreggiata a doppio senso;Asciutto;Asfaltata;Verticale ed orizzontale;Sereno;Scarso;Buona;Ore Diurne;0;0;0;2;12.49283;42.01337;-1;1;Autovettura privata;In marcia / fermata / arresto;Conducente;F;Illeso;0;;;Inesploso
3091351;20;09/12/2016 11:00;Altra strada;VIALE DEI CIPRESSI;all'intersezione con;VIALE ARCICONFRATERNITA DI N. S.RA DI LOURDES;VIALE ARCICONFRATERNITA DI N. S.RA DI LOURDES;;;Scontro frontale fra veicoli in marcia;Incrocio;Una carreggiata a doppio senso;Asciutto;Asfaltata;Verticale ed orizzontale;Sereno;Scarso;Buona;Ore Diurne;0;0;0;2;12.49283;42.01337;-1;2;Autovettura privata;In marcia / fermata / arresto;Conducente;M;Illeso;0;;Non accertato;Inesploso
3091365;17;09/12/2016 22:05;Strada Urbana;VIA DELLA CONCILIAZIONE;all'intersezione con;VIA DELLA TRASPONTINA;VIA DELLA TRASPONTINA;;;Scontro frontale/laterale DX fra veicoli in marcia;Intersezione semaforizzata;Più di due carreggiate;Asciutto;Acciotolata;Verticale ed orizzontale;Sereno;Normale;Buona;Sufficiente;0;0;0;3;12.46177;41.90257;-1;1;Autovettura pubblica;In marcia / fermata / arresto;Conducente;M;Illeso;0;;;
3091365;17;09/12/2016 22:05;Strada Urbana;VIA DELLA CONCILIAZIONE;all'intersezione con;VIA DELLA TRASPONTINA;VIA DELLA TRASPONTINA;;;Scontro frontale/laterale DX fra veicoli in marcia;Intersezione semaforizzata;Più di due carreggiate;Asciutto;Acciotolata;Verticale ed orizzontale;Sereno;Normale;Buona;Sufficiente;0;0;0;3;12.46177;41.90257;-1;2;Autovettura privata;In marcia / fermata / arresto;Conducente;M;Illeso;0;;;
3091365;17;09/12/2016 22:05;Strada Urbana;VIA DELLA CONCILIAZIONE;all'intersezione con;VIA DELLA TRASPONTINA;VIA DELLA TRASPONTINA;;;Scontro frontale/laterale DX fra veicoli in marcia;Intersezione semaforizzata;Più di due carreggiate;Asciutto;Acciotolata;Verticale ed orizzontale;Sereno;Normale;Buona;Sufficiente;0;0;0;3;12.46177;41.90257;-1;2;Autovettura privata;In marcia / fermata / arresto;Passeggero;F;Illeso;0;;;
3091372;20;09/12/2016 02:30;Strada Urbana;VIA TRIONFALE;in corrispondenza;;del civico n.;14115;;Veicolo in marcia contro ostacolo fisso;Rettilineo;Una carreggiata a senso unico di marcia;Asciutto;Asfaltata;Verticale ed orizzontale;Sereno;Scarso;Buona;Ore Diurne;0;0;0;1;12.40693;41.98448;-1;1;Autovettura privata;In marcia / fermata / arresto;Conducente;M;Illeso;0;;Non accertato;
3091396;3;06/12/2016 11:00;Strada Urbana;PIAZZALE DEL VERANO;da specificare;;;;fronte civ. 39;Scontro laterale fra veicoli in marcia;Rettilineo;Una carreggiata a senso unico di marcia;Asciutto;Asfaltata;Verticale ed orizzontale;Nuvoloso;Normale;Buona;Ore Diurne;0;0;0;2;12.51927;41.90214;-1;1;Autovettura privata;In marcia / fermata / arresto;Conducente;M;Illeso;0;;Non accertato;
3091396;3;06/12/2016 11:00;Strada Urbana;PIAZZALE DEL VERANO;da specificare;;;;fronte civ. 39;Scontro laterale fra veicoli in marcia;Rettilineo;Una carreggiata a senso unico di marcia;Asciutto;Asfaltata;Verticale ed orizzontale;Nuvoloso;Normale;Buona;Ore Diurne;0;0;0;2;12.51927;41.90214;-1;2;Autovettura privata;In marcia / fermata / arresto;Conducente;M;Illeso;0;;Non accertato;
3091399;17;10/12/2016;Strada Urbana;LUNGOTEVERE TOR DI NONA;da specificare;;;;in prossimità di via della Rondinella;Veicolo in marcia contro veicolo in sosta;Rettilineo;Una carreggiata a senso unico di marcia;Asciutto;Asfaltata;Verticale ed orizzontale;Sereno;Scarso;Buona;Sufficiente;1;0;0;0;12.46842;41.90139;-1;2;Quadriciclo leggero;In marcia / fermata / arresto;Conducente;F;Rimandato;0;NON DECEDUTO;;
3091400;18;10/12/2016 01:40;Strada Urbana;VIA DELLA MAGLIANELLA;da specificare;;;;raccordo per VIA SUOR MARIA AGOSTINA;Scontro frontale fra veicoli in marcia;Curva senza visuale libera;Una carreggiata a senso unico di marcia;Bagnato (umidità in atto);Asfaltata;Verticale ed orizzontale;Sereno;Scarso;Sufficiente;Insufficiente;2;0;0;1;12.38178;41.90343;-1;1;Autovettura privata;In marcia / fermata / arresto;Conducente;M;Illeso;0;;Non accertato;Esploso
3091400;18;10/12/2016 01:40;Strada Urbana;VIA DELLA MAGLIANELLA;da specificare;;;;raccordo per VIA SUOR MARIA AGOSTINA;Scontro frontale fra veicoli in marcia;Curva senza visuale libera;Una carreggiata a senso unico di marcia;Bagnato (umidità in atto);Asfaltata;Verticale ed orizzontale;Sereno;Scarso;Sufficiente;Insufficiente;2;0;0;1;12.38178;41.90343;-1;2;Autovettura privata;In marcia / fermata / arresto;Conducente;M;Rimandato;0;NON DECEDUTO;Utilizzato;Esploso
3091400;18;10/12/2016 01:40;Strada Urbana;VIA DELLA MAGLIANELLA;da specificare;;;;raccordo per VIA SUOR MARIA AGOSTINA;Scontro frontale fra veicoli in marcia;Curva senza visuale libera;Una carreggiata a senso unico di marcia;Bagnato (umidità in atto);Asfaltata;Verticale ed orizzontale;Sereno;Scarso;Sufficiente;Insufficiente;2;0;0;1;12.38178;41.90343;-1;2;Autovettura privata;In marcia / fermata / arresto;Passeggero;F;Rimandato;0;NON DECEDUTO;Non accertato;Esploso
3091427;3;07/12/2016 14:20;Strada Urbana;VIA GIOVANNI BATTISTA MORGAGNI;in corrispondenza;;del civico n.;25;;Tamponamento Multiplo;Rettilineo;Una carreggiata a doppio senso;Asciutto;Asfaltata;Verticale ed orizzontale;Sereno;Normale;Sufficiente;Ore Diurne;0;0;0;4;12.51108;41.9101;-1;1;Autovettura privata;In marcia / fermata / arresto;Conducente;M;Illeso;0;;Esente;Inesploso
3091427;3;07/12/2016 14:20;Strada Urbana;VIA GIOVANNI BATTISTA MORGAGNI;in corrispondenza;;del civico n.;25;;Tamponamento Multiplo;Rettilineo;Una carreggiata a doppio senso;Asciutto;Asfaltata;Verticale ed orizzontale;Sereno;Normale;Sufficiente;Ore Diurne;0;0;0;4;12.51108;41.9101;-1;1;Autovettura privata;In marcia / fermata / arresto;Passeggero;M;Illeso;0;;Non accertato;Inesploso
3091427;3;07/12/2016 14:20;Strada Urbana;VIA GIOVANNI BATTISTA MORGAGNI;in corrispondenza;;del civico n.;25;;Tamponamento Multiplo;Rettilineo;Una carreggiata a doppio senso;Asciutto;Asfaltata;Verticale ed orizzontale;Sereno;Normale;Sufficiente;Ore Diurne;0;0;0;4;12.51108;41.9101;-1;2;Autovettura privata;In marcia / fermata / arresto;Conducente;M;Illeso;0;;Non accertato;Inesploso
3091427;3;07/12/2016 14:20;Strada Urbana;VIA GIOVANNI BATTISTA MORGAGNI;in corrispondenza;;del civico n.;25;;Tamponamento Multiplo;Rettilineo;Una carreggiata a doppio senso;Asciutto;Asfaltata;Verticale ed orizzontale;Sereno;Normale;Sufficiente;Ore Diurne;0;0;0;4;12.51108;41.9101;-1;3;Autovettura privata;In marcia / fermata / arresto;Conducente;M;Illeso;0;;Non accertato;Inesploso
3091437;3;07/12/2016 18:20;Strada Urbana;VIA RE TANCREDI;in corrispondenza;;del civico n.;6;;Veicolo in marcia contro veicolo in sosta;Rettilineo;Una carreggiata a senso unico di marcia;Asciutto;Asfaltata;Verticale ed orizzontale;Sereno;Scarso;Sufficiente;Sufficiente;0;0;0;2;12.52187;41.91266;-1;1;Autovettura privata;In marcia / fermata / arresto;Conducente;F;Illeso;0;;Non accertato;
3091437;3;07/12/2016 18:20;Strada Urbana;VIA RE TANCREDI;in corrispondenza;;del civico n.;6;;Veicolo in marcia contro veicolo in sosta;Rettilineo;Una carreggiata a senso unico di marcia;Asciutto;Asfaltata;Verticale ed orizzontale;Sereno;Scarso;Sufficiente;Sufficiente;0;0;0;2;12.52187;41.91266;-1;1;Autovettura privata;In marcia / fermata / arresto;Passeggero;F;Illeso;0;;Non accertato;
3091460;3;08/12/2016 12:30;Strada Urbana;VIA NOMENTANA;da specificare;;;;fronte Via dei Villini;Scontro laterale fra veicoli in marcia;Rettilineo;Una carreggiata a doppio senso;Asciutto;Asfaltata;Verticale ed orizzontale;Sereno;Normale;Buona;Ore Diurne;2;0;0;2;12.50415;41.91123;-1;1;Autovettura privata;In marcia / fermata / arresto;Conducente;M;Illeso;0;;Non accertato;Inesploso
3091460;3;08/12/2016 12:30;Strada Urbana;VIA NOMENTANA;da specificare;;;;fronte Via dei Villini;Scontro laterale fra veicoli in marcia;Rettilineo;Una carreggiata a doppio senso;Asciutto;Asfaltata;Verticale ed orizzontale;Sereno;Normale;Buona;Ore Diurne;2;0;0;2;12.50415;41.91123;-1;1;Autovettura privata;In marcia / fermata / arresto;Passeggero;F;Illeso;0;;Non accertato;Inesploso
3091460;3;08/12/2016 12:30;Strada Urbana;VIA NOMENTANA;da specificare;;;;fronte Via dei Villini;Scontro laterale fra veicoli in marcia;Rettilineo;Una carreggiata a doppio senso;Asciutto;Asfaltata;Verticale ed orizzontale;Sereno;Normale;Buona;Ore Diurne;2;0;0;2;12.50415;41.91123;-1;2;Motociclo con passeggero;In marcia / fermata / arresto;Conducente;M;Rifiuta cure immediate;0;NON DECEDUTO;Non accertato;