Protocollo;Gruppo;DataOraIncidente;Localizzazione1;STRADA1;Localizzazione2;STRADA2;Strada02;Chilometrica;DaSpecificare;NaturaIncidente;particolaritastrade;TipoStrada;FondoStradale;Pavimentazione;Segnaletica;CondizioneAtmosferica;Traffico;Visibilita;Illuminazione;NUM_FERITI;NUM_RISERVATA;NUM_MORTI;NUM_ILLESI;Longitudine;Latitudine;Confermato;Progressivo;TipoVeicolo;StatoVeicolo;TipoPersona;Sesso;Tipolesione;Deceduto;DecedutoDopo;CinturaCascoUtilizzato;Airbag
3092560;6;11/12/2016 14:30;Strada Urbana;VIA ERASMO GATTAMELATA;all'intersezione con;VIA LUCHINO DAL VERME;VIA LUCHINO DAL VERME;;;Scontro frontale/laterale SX fra veicoli in marcia;Incrocio;Una carreggiata a senso unico di marcia;Asciutto;Asfaltata;Verticale ed orizzontale;Sereno;Normale;Buona;Ore Diurne;1;0;0;1;12.53661;41.8887;-1;2;Autovettura privata;In marcia / fermata / arresto;Conducente;F;Rifiuta cure immediate;0;NON DECEDUTO;Non accertato;Inesploso
3092575;1;10/12/2016 18:10;Strada Urbana;LUNGOTEVERE IN AUGUSTA;all'intersezione con;VIA FERDINANDO DI SAVOIA;VIA FERDINANDO DI SAVOIA;;;Scontro laterale fra veicoli in marcia;Intersezione semaforizzata;Una carreggiata a senso unico di marcia;Asciutto;Asfaltata;Verticale ed orizzontale;Sereno;Normale;Sufficiente;Sufficiente;0;0;0;5;12.47474;41.90766;-1;1;Autobus turistico;In marcia / fermata / arresto;Conducente;M;Illeso;0;;;
3092575;1;10/12/2016 18:10;Strada Urbana;LUNGOTEVERE IN AUGUSTA;all'intersezione con;VIA FERDINANDO DI SAVOIA;VIA FERDINANDO DI SAVOIA;;;Scontro laterale fra veicoli in marcia;Intersezione semaforizzata;Una carreggiata a senso unico di marcia;Asciutto;Asfaltata;Verticale ed orizzontale;Sereno;Normale;Sufficiente;Sufficiente;0;0;0;5;12.47474;41.90766;-1;2;Autovettura privata;In marcia / fermata / arresto;Conducente;M;Illeso;0;;;
3092575;1;10/12/2016 18:10;Strada Urbana;LUNGOTEVERE IN AUGUSTA;all'intersezione con;VIA FERDINANDO DI SAVOIA;VIA FERDINANDO DI SAVOIA;;;Scontro laterale fra veicoli in marcia;Intersezione semaforizzata;Una carreggiata a senso unico di marcia;Asciutto;Asfaltata;Verticale ed orizzontale;Sereno;Normale;Sufficiente;Sufficiente;0;0;0;5;12.47474;41.90766;-1;2;Autovettura privata;In marcia / fermata / arresto;Passeggero;F;Illeso;0;;;
3092575;1;10/12/2016 18:10;Strada Urbana;LUNGOTEVERE IN AUGUSTA;all'intersezione con;VIA FERDINANDO DI SAVOIA;VIA FERDINANDO DI SAVOIA;;;Scontro laterale fra veicoli in marcia;Intersezione semaforizzata;Una carreggiata a senso unico di marcia;Asciutto;Asfaltata;Verticale ed orizzontale;Sereno;Normale;Sufficiente;Sufficiente;0;0;0;5;12.47474;41.90766;-1;2;Autovettura privata;In marcia / fermata / arresto;Passeggero;F;Illeso;0;;;
3092575;1;10/12/2016 18:10;Strada Urbana;LUNGOTEVERE IN AUGUSTA;all'intersezione con;VIA FERDINANDO DI SAVOIA;VIA FERDINANDO DI SAVOIA;;;Scontro laterale fra veicoli in marcia;Intersezione semaforizzata;Una carreggiata a senso unico di marcia;Asciutto;Asfaltata;Verticale ed orizzontale;Sereno;Normale;Sufficiente;Sufficiente;0;0;0;5;12.47474;41.90766;-1;2;Autovettura privata;In marcia / fermata / arresto;Passeggero;F;Illeso;0;;;
3092588;12;10/12/2016 16:30;Comunale extraurbana;VIA PONTINA;da specificare;;;;laterale dir. Roma alt. civ. 587;Tamponamento;Rettilineo;Una carreggiata a doppio senso;Asciutto;Asfaltata;Verticale ed orizzontale;Sereno;Normale;Sufficiente;Sufficiente;0;0;0;3;12.45239;41.79447;-1;1;Autovettura privata;In marcia / fermata / arresto;Conducente;M;Illeso;0;;Non accertato;Inesploso
3092588;12;10/12/2016 16:30;Comunale extraurbana;VIA PONTINA;da specificare;;;;laterale dir. Roma alt. civ. 587;Tamponamento;Rettilineo;Una carreggiata a doppio senso;Asciutto;Asfaltata;Verticale ed orizzontale;Sereno;Normale;Sufficiente;Sufficiente;0;0;0;3;12.45239;41.79447;-1;1;Autovettura privata;In marcia / fermata / arresto;Passeggero;F;Illeso;0;;Non accertato;Inesploso
3092588;12;10/12/2016 16:30;Comunale extraurbana;VIA PONTINA;da specificare;;;;laterale dir. Roma alt. civ. 587;Tamponamento;Rettilineo;Una carreggiata a doppio senso;Asciutto;Asfaltata;Verticale ed orizzontale;Sereno;Normale;Sufficiente;Sufficiente;0;0;0;3;12.45239;41.79447;-1;2;Motociclo a solo;In marcia / fermata / arresto;Conducente;M;Illeso;0;;Non accertato;
3092595;12;10/12/2016 19:00;Provinciale;VIA LAURENTINA;in corrispondenza;;della chilometrica;20.6;;Veicolo in marcia contro ostacolo accidentale;Curva a visuale libera;Una carreggiata a doppio senso;Asciutto;Asfaltata;Temporanea di cantiere;Sereno;Scarso;Insufficiente;Insufficiente;0;0;0;2;12.43392;41.69742;-1;1;Autovettura privata;In marcia / fermata / arresto;Conducente;M;Illeso;0;;Non accertato;Inesploso
3092595;12;10/12/2016 19:00;Provinciale;VIA LAURENTINA;in corrispondenza;;della chilometrica;20.6;;Veicolo in marcia contro ostacolo accidentale;Curva a visuale libera;Una carreggiata a doppio senso;Asciutto;Asfaltata;Temporanea di cantiere;Sereno;Scarso;Insufficiente;Insufficiente;0;0;0;2;12.43392;41.69742;-1;1;Autovettura privata;In marcia / fermata / arresto;Passeggero;M;Illeso;0;;Non accertato;Inesploso
3092599;6;10/12/2016 09:45;Strada Urbana;VIA CHECCO DURANTE;in prossimità;;del civico n.;15;;Veicolo in marcia contro veicolo fermo;Rettilineo;Due carreggiate;Asciutto;Asfaltata;Assente;Sereno;Scarso;Buona;Ore Diurne;1;0;0;1;12.55449;41.88146;-1;1;Autovettura privata;In marcia / fermata / arresto;Conducente;M;Illeso;0;;Non accertato;
3092599;6;10/12/2016 09:45;Strada Urbana;VIA CHECCO DURANTE;in prossimità;;del civico n.;15;;Veicolo in marcia contro veicolo fermo;Rettilineo;Due carreggiate;Asciutto;Asfaltata;Assente;Sereno;Scarso;Buona;Ore Diurne;1;0;0;1;12.55449;41.88146;-1;2;Autovettura privata;In marcia / fermata / arresto;Conducente;M;Rifiuta cure immediate;0;NON DECEDUTO;Non accertato;Inesploso
3092610;6;10/12/2016 10:20;Strada Urbana;VIA ATTILIO HORTIS;all'intersezione con;PIAZZA DELLA STAZIONE PRENESTINA;PIAZZA DELLA STAZIONE PRENESTINA;;;Scontro laterale fra veicoli in marcia;Rotatoria;Una carreggiata a senso unico di marcia;Asciutto;Asfaltata;Verticale ed orizzontale;Sereno;Scarso;Buona;Ore Diurne;1;0;0;2;12.54657;41.89737;-1;1;Autovettura privata;In marcia / fermata / arresto;Conducente;M;Illeso;0;;;
3092610;6;10/12/2016 10:20;Strada Urbana;VIA ATTILIO HORTIS;all'intersezione con;PIAZZA DELLA STAZIONE PRENESTINA;PIAZZA DELLA STAZIONE PRENESTINA;;;Scontro laterale fra veicoli in marcia;Rotatoria;Una carreggiata a senso unico di marcia;Asciutto;Asfaltata;Verticale ed orizzontale;Sereno;Scarso;Buona;Ore Diurne;1;0;0;2;12.54657;41.89737;-1;2;Autocarro inferiore 35 q.;In marcia / fermata / arresto;Conducente;F;Rifiuta cure immediate;0;NON DECEDUTO;;
3092610;6;10/12/2016 10:20;Strada Urbana;VIA ATTILIO HORTIS;all'intersezione con;PIAZZA DELLA STAZIONE PRENESTINA;PIAZZA DELLA STAZIONE PRENESTINA;;;Scontro laterale fra veicoli in marcia;Rotatoria;Una carreggiata a senso unico di marcia;Asciutto;Asfaltata;Verticale ed orizzontale;Sereno;Scarso;Buona;Ore Diurne;1;0;0;2;12.54657;41.89737;-1;2;Autocarro inferiore 35 q.;In marcia / fermata / arresto;Passeggero;F;Illeso;0;;;
3092613;1;10/12/2016 14:00;Strada Urbana;VIA QUATTRO NOVEMBRE;in prossimità;;del civico n.;137 C;;Veicolo in marcia contro ostacolo fisso;Rettilineo;Una carreggiata a doppio senso;Asciutto;In cubetti di porfido;Verticale ed orizzontale;Sereno;Normale;Buona;Ore Diurne;0;0;0;1;12.4837;41.89697;-1;1;Motociclo a solo;In marcia / fermata / arresto;Conducente;M;Illeso;0;;Utilizzato;
3092623;6;10/12/2016 17:00;Strada Urbana;VIALE FILARETE;all'intersezione con;VIA GALEAZZO ALESSI;VIA GALEAZZO ALESSI;;;Scontro frontale/laterale DX fra veicoli in marcia;Incrocio;Due carreggiate;Asciutto;Asfaltata;Assente;Sereno;Normale;Buona;Sufficiente;0;0;0;3;12.53851;41.87941;-1;1;Autovettura privata;In marcia / fermata / arresto;Conducente;F;Illeso;0;;;
3092623;6;10/12/2016 17:00;Strada Urbana;VIALE FILARETE;all'intersezione con;VIA GALEAZZO ALESSI;VIA GALEAZZO ALESSI;;;Scontro frontale/laterale DX fra veicoli in marcia;Incrocio;Due carreggiate;Asciutto;Asfaltata;Assente;Sereno;Normale;Buona;Sufficiente;0;0;0;3;12.53851;41.87941;-1;2;Autovettura privata;In marcia / fermata / arresto;Conducente;M;Illeso;0;;;
3092623;6;10/12/2016 17:00;Strada Urbana;VIALE FILARETE;all'intersezione con;VIA GALEAZZO ALESSI;VIA GALEAZZO ALESSI;;;Scontro frontale/laterale DX fra veicoli in marcia;Incrocio;Due carreggiate;Asciutto;Asfaltata;Assente;Sereno;Normale;Buona;Sufficiente;0;0;0;3;12.53851;41.87941;-1;2;Autovettura privata;In marcia / fermata / arresto;Passeggero;F;Illeso;0;;;
3092636;9;10/12/2016 08:40;Strada Urbana;VIA TARANTO;in corrispondenza;;del civico n.;41;;Scontro frontale/laterale DX fra veicoli in marcia;Rettilineo;Una carreggiata a doppio senso;Asciutto;Asfaltata;Orizzontale;Sereno;Scarso;Buona;Ore Diurne;1;0;0;2;12.5146;41.88477;-1;1;Autovettura privata;In marcia / fermata / arresto;Conducente;M;Illeso;0;;Non accertato;Inesploso
3092636;9;10/12/2016 08:40;Strada Urbana;VIA TARANTO;in corrispondenza;;del civico n.;41;;Scontro frontale/laterale DX fra veicoli in marcia;Rettilineo;Una carreggiata a doppio senso;Asciutto;Asfaltata;Orizzontale;Sereno;Scarso;Buona;Ore Diurne;1;0;0;2;12.5146;41.88477;-1;1;Autovettura privata;In marcia / fermata / arresto;Passeggero;F;Illeso;0;;Non accertato;Inesploso
3092636;9;10/12/2016 08:40;Strada Urbana;VIA TARANTO;in corrispondenza;;del civico n.;41;;Scontro frontale/laterale DX fra veicoli in marcia;Rettilineo;Una carreggiata a doppio senso;Asciutto;Asfaltata;Orizzontale;Sereno;Scarso;Buona;Ore Diurne;1;0;0;2;12.5146;41.88477;-1;2;Motociclo a solo;In marcia / fermata / arresto;Conducente;M;Rimandato;0;NON DECEDUTO;Non accertato;
3092637;6;11/12/2016 04:50;Strada Urbana;PIAZZALE PRENESTINO;da specificare;;;;altezza Via E. Fieramosca;Fuoriuscita dalla sede stradale;Rettilineo;Due carreggiate;Asciutto;Asfaltata;Verticale ed orizzontale;Nuvoloso;Scarso;Sufficiente;Sufficiente;1;0;0;0;12.52733;41.89112;-1;1;Autovettura privata;In marcia / fermata / arresto;Conducente;M;Rifiuta cure immediate;0;NON DECEDUTO;Non accertato;
3092644;9;11/12/2016 08:10;Strada Urbana;VIA NOCERA UMBRA;all'intersezione semaforizzata con;VIA GUALDO TADINO;VIA GUALDO TADINO;;;Scontro frontale/laterale SX fra veicoli in marcia;Intersezione stradale segnalata;Due carreggiate;Asciutto;Asfaltata;Verticale ed orizzontale;Nuvoloso;Scarso;Buona;Ore Diurne;1;0;0;2;12.52869;41.87668;-1;1;Autovettura privata;In marcia / fermata / arresto;Conducente;M;Illeso;0;;Non accertato;Inesploso
3092644;9;11/12/2016 08:10;Strada Urbana;VIA NOCERA UMBRA;all'intersezione semaforizzata con;VIA GUALDO TADINO;VIA GUALDO TADINO;;;Scontro frontale/laterale SX fra veicoli in marcia;Intersezione stradale segnalata;Due carreggiate;Asciutto;Asfaltata;Verticale ed orizzontale;Nuvoloso;Scarso;Buona;Ore Diurne;1;0;0;2;12.52869;41.87668;-1;1;Autovettura privata;In marcia / fermata / arresto;Passeggero;M;Illeso;0;;Non accertato;Inesploso
3092644;9;11/12/2016 08:10;Strada Urbana;VIA NOCERA UMBRA;all'intersezione semaforizzata con;VIA GUALDO TADINO;VIA GUALDO TADINO;;;Scontro frontale/laterale SX fra veicoli in marcia;Intersezione stradale segnalata;Due carreggiate;Asciutto;Asfaltata;Verticale ed orizzontale;Nuvoloso;Scarso;Buona;Ore Diurne;1;0;0;2;12.52869;41.87668;-1;2;Motociclo a solo;In marcia / fermata / arresto;Conducente;M;Rimandato;0;NON DECEDUTO;;
3092651;1;10/12/2016 13:20;Strada Urbana;VIA CERNAIA;in prossimità;;del civico n.;26;;Investimento di pedone;Rettilineo;Una carreggiata a senso unico di marcia;Asciutto;Asfaltata;Verticale ed orizzontale;Sereno;Normale;Buona;Ore Diurne;1;0;0;1;12.50084;41.90703;-1;;;;Pedone;M;Ricoverato;0;NON DECEDUTO;;
3092651;1;10/12/2016 13:20;Strada Urbana;VIA CERNAIA;in prossimità;;del civico n.;26;;Investimento di pedone;Rettilineo;Una carreggiata a senso unico di marcia;Asciutto;Asfaltata;Verticale ed orizzontale;Sereno;Normale;Buona;Ore Diurne;1;0;0;1;12.50084;41.90703;-1;1;Motociclo a solo;In marcia / fermata / arresto;Conducente;M;Illeso;0;;Utilizzato;
3092662;18;09/12/2016 13:00;Strada Urbana;VIA AURELIA;in corrispondenza;;del civico n.;774;;Scontro laterale fra veicoli in marcia;Curva a visuale libera;Due carreggiate;Asciutto;Asfaltata;Verticale ed orizzontale;Sereno;Scarso;Buona;Ore Diurne;0;0;0;2;12.41231;41.89033;-1;1;Autovettura privata;In marcia / fermata / arresto;Conducente;F;Illeso;0;;;
3092662;18;09/12/2016 13:00;Strada Urbana;VIA AURELIA;in corrispondenza;;del civico n.;774;;Scontro laterale fra veicoli in marcia;Curva a visuale libera;Due carreggiate;Asciutto;Asfaltata;Verticale ed orizzontale;Sereno;Scarso;Buona;Ore Diurne;0;0;0;2;12.41231;41.89033;-1;2;Autocarro inferiore 35 q.;In marcia / fermata / arresto;Conducente;M;Illeso;0;;;
3092674;18;10/12/2016 16:15;Strada Urbana;VIA MATTIA BATTISTINI;da specificare;;;;in corrispondenza del fronte civico 30;Veicolo in marcia contro veicolo in sosta;Rettilineo;Una carreggiata a doppio senso;Asciutto;Asfaltata;Verticale ed orizzontale;Sereno;Intenso;Buona;Ore Diurne;0;0;0;2;12.41082;41.90536;-1;1;Autovettura privata;In marcia / fermata / arresto;Conducente;M;Illeso;0;;;
3092674;18;10/12/2016 16:15;Strada Urbana;VIA MATTIA BATTISTINI;da specificare;;;;in corrispondenza del fronte civico 30;Veicolo in marcia contro veicolo in sosta;Rettilineo;Una carreggiata a doppio senso;Asciutto;Asfaltata;Verticale ed orizzontale;Sereno;Intenso;Buona;Ore Diurne;0;0;0;2;12.41082;41.90536;-1;1;Autovettura privata;In marcia / fermata / arresto;Passeggero;F;Illeso;0;;;
3092691;4;11/12/2016 03:25;Strada Urbana;VIALE DELLO SCALO S. LORENZO;in prossimità;;del civico n.;5;;Veicolo in marcia contro ostacolo fisso;Rettilineo;Due carreggiate;Asciutto;Asfaltata;Verticale ed orizzontale;Sereno;Normale;Buona;Sufficiente;1;0;2;0;12.51972;41.89807;-1;1;Autovettura privata;In marcia / fermata / arresto;Conducente;M;Prognosi riservata;0;DECEDUTO ENTRO 15 GIORNI;Non accertato;
3092691;4;11/12/2016 03:25;Strada Urbana;VIALE DELLO SCALO S. LORENZO;in prossimità;;del civico n.;5;;Veicolo in marcia contro ostacolo fisso;Rettilineo;Due carreggiate;Asciutto;Asfaltata;Verticale ed orizzontale;Sereno;Normale;Buona;Sufficiente;1;0;2;0;12.51972;41.89807;-1;1;Autovettura privata;In marcia / fermata / arresto;Passeggero;M;Deceduto durante trasporto;-1;;Non accertato;
3092691;4;11/12/2016 03:25;Strada Urbana;VIALE DELLO SCALO S. LORENZO;in prossimità;;del civico n.;5;;Veicolo in marcia contro ostacolo fisso;Rettilineo;Due carreggiate;Asciutto;Asfaltata;Verticale ed orizzontale;Sereno;Normale;Buona;Sufficiente;1;0;2;0;12.51972;41.89807;-1;1;Autovettura privata;In marcia / fermata / arresto;Passeggero;M;Rimandato;0;NON DECEDUTO;Non accertato;
3092695;15;10/12/2016 05:30;Strada Urbana;VIA PORTUENSE;in prossimità;;del civico n.;710A;;Fuoriuscita dalla sede stradale;Rettilineo;Una carreggiata a doppio senso;Asciutto;Asfaltata;Orizzontale;Sereno;Scarso;Buona;Sufficiente;1;0;0;0;12.43477;41.85205;-1;1;Motociclo a solo;In marcia / fermata / arresto;Conducente;M;Ricoverato;0;NON DECEDUTO;Utilizzato;
3092696;15;11/12/2016 06:00;Strada Urbana;VIA DECIMOMANNU;in prossimità;;del palo luce n.;14;;Veicolo in marcia contro ostacolo fisso;Rettilineo;Una carreggiata a doppio senso;Sdrucciolevole (fango);Sterrata;Assente;Sereno;Scarso;Buona;Inesistente;0;0;0;1;12.34982;41.83598;-1;1;Autovettura privata;In marcia / fermata / arresto;Conducente;F;Illeso;0;;Non accertato;
3092697;15;10/12/2016 17:40;Strada Urbana;VIA DELLA PISANA;in corrispondenza;;del civico n.;1078;;Tamponamento;Rettilineo;Una carreggiata a doppio senso;Asciutto;Asfaltata;Orizzontale;Sereno;Normale;Sufficiente;Sufficiente;0;0;0;5;12.38346;41.85406;-1;1;Autovettura privata;In marcia / fermata / arresto;Conducente;M;Illeso;0;;Non accertato;
3092697;15;10/12/2016 17:40;Strada Urbana;VIA DELLA PISANA;in corrispondenza;;del civico n.;1078;;Tamponamento;Rettilineo;Una carreggiata a doppio senso;Asciutto;Asfaltata;Orizzontale;Sereno;Normale;Sufficiente;Sufficiente;0;0;0;5;12.38346;41.85406;-1;2;Autocarro inferiore 35 q.;In marcia / fermata / arresto;Conducente;M;Illeso;0;;;
3092697;15;10/12/2016 17:40;Strada Urbana;VIA DELLA PISANA;in corrispondenza;;del civico n.;1078;;Tamponamento;Rettilineo;Una carreggiata a doppio senso;Asciutto;Asfaltata;Orizzontale;Sereno;Normale;Sufficiente;Sufficiente;0;0;0;5;12.38346;41.85406;-1;2;Autocarro inferiore 35 q.;In marcia / fermata / arresto;Passeggero;M;Illeso;0;;Non accertato;
3092697;15;10/12/2016 17:40;Strada Urbana;VIA DELLA PISANA;in corrispondenza;;del civico n.;1078;;Tamponamento;Rettilineo;Una carreggiata a doppio senso;Asciutto;Asfaltata;Orizzontale;Sereno;Normale;Sufficiente;Sufficiente;0;0;0;5;12.38346;41.85406;-1;2;Autocarro inferiore 35 q.;In marcia / fermata / arresto;Passeggero;F;Illeso;0;;Utilizzato;
3092697;15;10/12/2016 17:40;Strada Urbana;VIA DELLA PISANA;in corrispondenza;;del civico n.;1078;;Tamponamento;Rettilineo;Una carreggiata a doppio senso;Asciutto;Asfaltata;Orizzontale;Sereno;Normale;Sufficiente;Sufficiente;0;0;0;5;12.38346;41.85406;-1;2;Autocarro inferiore 35 q.;In marcia / fermata / arresto;Passeggero;M;Illeso;0;;Non accertato;
3092876;15;11/12/2016 17:35;Strada Urbana;VIA DELLA MAGLIANA;in corrispondenza;;del civico n.;231;;Investimento di pedone;Rettilineo;Una carreggiata a doppio senso;Asciutto;Asfaltata;Orizzontale;Sereno;Normale;Sufficiente;Ore Diurne;0;1;0;2;12.45846;41.84861;-1;;;;Pedone;M;Prognosi riservata;0;NON DECEDUTO;;
3092876;15;11/12/2016 17:35;Strada Urbana;VIA DELLA MAGLIANA;in corrispondenza;;del civico n.;231;;Investimento di pedone;Rettilineo;Una carreggiata a doppio senso;Asciutto;Asfaltata;Orizzontale;Sereno;Normale;Sufficiente;Ore Diurne;0;1;0;2;12.45846;41.84861;-1;1;Autovettura privata;In marcia / fermata / arresto;Conducente;M;Illeso;0;;Utilizzato;
3092876;15;11/12/2016 17:35;Strada Urbana;VIA DELLA MAGLIANA;in corrispondenza;;del civico n.;231;;Investimento di pedone;Rettilineo;Una carreggiata a doppio senso;Asciutto;Asfaltata;Orizzontale;Sereno;Normale;Sufficiente;Ore Diurne;0;1;0;2;12.45846;41.84861;-1;1;Autovettura privata;In marcia / fermata / arresto;Passeggero;M;Illeso;0;;Utilizzato;
3092904;9;11/12/2016 12:54;Strada Urbana;VIA ARRIGO DAVILA;in prossimità;;del civico n.;28;;Veicolo in marcia contro veicolo arresto;Rettilineo;Una carreggiata a doppio senso;Asciutto;Asfaltata;Assente;Nuvoloso;Scarso;Buona;Ore Diurne;0;0;0;2;12.52637;41.86927;-1;1;Autovettura privata;In marcia / fermata / arresto;Conducente;F;Illeso;0;;Non accertato;Inesploso
3092904;9;11/12/2016 12:54;Strada Urbana;VIA ARRIGO DAVILA;in prossimità;;del civico n.;28;;Veicolo in marcia contro veicolo arresto;Rettilineo;Una carreggiata a doppio senso;Asciutto;Asfaltata;Assente;Nuvoloso;Scarso;Buona;Ore Diurne;0;0;0;2;12.52637;41.86927;-1;2;Autovettura privata;In marcia / fermata / arresto;Conducente;F;Illeso;0;;Non accertato;Inesploso
3092978;7;09/12/2016 17:00;Strada Urbana;VIA PRENESTINA;all'intersezione semaforizzata con;VIALE PALMIRO TOGLIATTI;VIALE PALMIRO TOGLIATTI;;;Scontro laterale fra veicoli in marcia;Incrocio;Una carreggiata a doppio senso;Asciutto;Asfaltata;Verticale ed orizzontale;Sereno;Normale;Buona;Sufficiente;0;0;0;3;12.57565;41.89471;-1;1;Autovettura privata;In marcia / fermata / arresto;Conducente;M;Illeso;0;;Non accertato;Inesploso
3092978;7;09/12/2016 17:00;Strada Urbana;VIA PRENESTINA;all'intersezione semaforizzata con;VIALE PALMIRO TOGLIATTI;VIALE PALMIRO TOGLIATTI;;;Scontro laterale fra veicoli in marcia;Incrocio;Una carreggiata a doppio senso;Asciutto;Asfaltata;Verticale ed orizzontale;Sereno;Normale;Buona;Sufficiente;0;0;0;3;12.57565;41.89471;-1;1;Autovettura privata;In marcia / fermata / arresto;Passeggero;M;Illeso;0;;Non accertato;Inesploso
3092978;7;09/12/2016 17:00;Strada Urbana;VIA PRENESTINA;all'intersezione semaforizzata con;VIALE PALMIRO TOGLIATTI;VIALE PALMIRO TOGLIATTI;;;Scontro laterale fra veicoli in marcia;Incrocio;Una carreggiata a doppio senso;Asciutto;Asfaltata;Verticale ed orizzontale;Sereno;Normale;Buona;Sufficiente;0;0;0;3;12.57565;41.89471;-1;2;Autocarro superiore 35 q.;In marcia / fermata / arresto;Conducente;M;Illeso;0;;;
3092985;11;10/12/2016 08:45;Strada Urbana;VIA ATTILIO AMBROSINI;all'intersezione semaforizzata con;VIA ACCADEMIA DEGLI AGIATI;VIA ACCADEMIA DEGLI AGIATI;;;Scontro laterale fra veicoli in marcia;Intersezione semaforizzata;Due carreggiate;Asciutto;Asfaltata;Verticale ed orizzontale;Sereno;Scarso;Buona;Ore Diurne;0;0;0;3;12.49127;41.85004;-1;1;Autocarro inferiore 35 q.;In marcia / fermata / arresto;Conducente;M;Illeso;0;;Non accertato;Inesploso
3092985;11;10/12/2016 08:45;Strada Urbana;VIA ATTILIO AMBROSINI;all'intersezione semaforizzata con;VIA ACCADEMIA DEGLI AGIATI;VIA ACCADEMIA DEGLI AGIATI;;;Scontro laterale fra veicoli in marcia;Intersezione semaforizzata;Due carreggiate;Asciutto;Asfaltata;Verticale ed orizzontale;Sereno;Scarso;Buona;Ore Diurne;0;0;0;3;12.49127;41.85004;-1;1;Autocarro inferiore 35 q.;In marcia / fermata / arresto;Passeggero;M;Illeso;0;;Non accertato;
3092985;11;10/12/2016 08:45;Strada Urbana;VIA ATTILIO AMBROSINI;all'intersezione semaforizzata con;VIA ACCADEMIA DEGLI AGIATI;VIA ACCADEMIA DEGLI AGIATI;;;Scontro laterale fra veicoli in marcia;Intersezione semaforizzata;Due carreggiate;Asciutto;Asfaltata;Verticale ed orizzontale;Sereno;Scarso;Buona;Ore Diurne;0;0;0;3;12.49127;41.85004;-1;2;Autovettura privata;In marcia / fermata / arresto;Conducente;F;Illeso;0;;Non accertato;Inesploso
3092986;7;09/12/2016 21:45;Strada Urbana;VIA GUGLIELMO ALBIMONTE;all'intersezione con;VIA AMICO DA VENAFRO;VIA AMICO DA VENAFRO;;;Scontro frontale/laterale DX fra veicoli in marcia;Incrocio;Una carreggiata a senso unico di marcia;Asciutto;Asfaltata;Verticale ed orizzontale;Sereno;Normale;Sufficiente;Sufficiente;1;0;0;1;12.533;41.89115;-1;1;Autovettura privata;In marcia / fermata / arresto;Conducente;M;Illeso;0;;Non accertato;Inesploso
3092986;7;09/12/2016 21:45;Strada Urbana;VIA GUGLIELMO ALBIMONTE;all'intersezione con;VIA AMICO DA VENAFRO;VIA AMICO DA VENAFRO;;;Scontro frontale/laterale DX fra veicoli in marcia;Incrocio;Una carreggiata a senso unico di marcia;Asciutto;Asfaltata;Verticale ed orizzontale;Sereno;Normale;Sufficiente;Sufficiente;1;0;0;1;12.533;41.89115;-1;2;Motociclo con passeggero;In marcia / fermata / arresto;Conducente;M;Rimandato;0;NON DECEDUTO;Non accertato;
3092995;11;10/12/2016 09:40;Strada Urbana;VIA COSTANTINO;all'intersezione con;VIA DELLA VILLA DI LUCINA;VIA DELLA VILLA DI LUCINA;;;Scontro frontale/laterale DX fra veicoli in marcia;Incrocio;Una carreggiata a doppio senso;Asciutto;Asfaltata;Verticale ed orizzontale;Sereno;Scarso;Buona;Ore Diurne;0;0;0;3;10.33288;36.86506;-1;1;Autovettura privata;In marcia / fermata / arresto;Conducente;M;Illeso;0;;;
3092995;11;10/12/2016 09:40;Strada Urbana;VIA COSTANTINO;all'intersezione con;VIA DELLA VILLA DI LUCINA;VIA DELLA VILLA DI LUCINA;;;Scontro frontale/laterale DX fra veicoli in marcia;Incrocio;Una carreggiata a doppio senso;Asciutto;Asfaltata;Verticale ed orizzontale;Sereno;Scarso;Buona;Ore Diurne;0;0;0;3;10.33288;36.86506;-1;1;Autovettura privata;In marcia / fermata / arresto;Passeggero;F;Illeso;0;;;
3092995;11;10/12/2016 09:40;Strada Urbana;VIA COSTANTINO;all'intersezione con;VIA DELLA VILLA DI LUCINA;VIA DELLA VILLA DI LUCINA;;;Scontro frontale/laterale DX fra veicoli in marcia;Incrocio;Una carreggiata a doppio senso;Asciutto;Asfaltata;Verticale ed orizzontale;Sereno;Scarso;Buona;Ore Diurne;0;0;0;3;10.33288;36.86506;-1;2;Autovettura privata;In marcia / fermata / arresto;Conducente;F;Illeso;0;;Non accertato;
3093008;11;10/12/2016 12:35;Strada Urbana;VIA PADRE REGINALDO GIULIANI;all'intersezione con;CIRCONVALLAZIONE OSTIENSE;CIRCONVALLAZIONE OSTIENSE;;;Investimento di pedone;Incrocio;Una carreggiata a doppio senso;Asciutto;Asfaltata;Verticale ed orizzontale;Sereno;Normale;Buona;Ore Diurne;1;0;0;1;12.49314;41.86706;-1;;;;Pedone;M;Rimandato;0;NON DECEDUTO;;
3093008;11;10/12/2016 12:35;Strada Urbana;VIA PADRE REGINALDO GIULIANI;all'intersezione con;CIRCONVALLAZIONE OSTIENSE;CIRCONVALLAZIONE OSTIENSE;;;Investimento di pedone;Incrocio;Una carreggiata a doppio senso;Asciutto;Asfaltata;Verticale ed orizzontale;Sereno;Normale;Buona;Ore Diurne;1;0;0;1;12.49314;41.86706;-1;1;Autovettura privata;In marcia / fermata / arresto;Conducente;M;Illeso;0;;Non accertato;