Protocollo;Gruppo;DataOraIncidente;Localizzazione1;STRADA1;Localizzazione2;STRADA2;Strada02;Chilometrica;DaSpecificare;NaturaIncidente;particolaritastrade;TipoStrada;FondoStradale;Pavimentazione;Segnaletica;CondizioneAtmosferica;Traffico;Visibilita;Illuminazione;NUM_FERITI;NUM_RISERVATA;NUM_MORTI;NUM_ILLESI;Longitudine;Latitudine;Confermato;Progressivo;TipoVeicolo;StatoVeicolo;TipoPersona;Sesso;Tipolesione;Deceduto;DecedutoDopo;CinturaCascoUtilizzato;Airbag
3095651;1;13/12/2016 07:30;Strada Urbana;VIA LEON BATTISTA ALBERTI;all'intersezione con;VIA SALVATOR ROSA;VIA SALVATOR ROSA;;;Scontro frontale/laterale DX fra veicoli in marcia;Rotatoria;Una carreggiata a senso unico di marcia;Asciutto;Asfaltata;Verticale ed orizzontale;Sereno;Normale;Buona;Ore Diurne;1;0;0;2;12.48765;41.87849;-1;1;Autovettura privata;In marcia / fermata / arresto;Passeggero;F;Illeso;0;;Non accertato;
3095651;1;13/12/2016 07:30;Strada Urbana;VIA LEON BATTISTA ALBERTI;all'intersezione con;VIA SALVATOR ROSA;VIA SALVATOR ROSA;;;Scontro frontale/laterale DX fra veicoli in marcia;Rotatoria;Una carreggiata a senso unico di marcia;Asciutto;Asfaltata;Verticale ed orizzontale;Sereno;Normale;Buona;Ore Diurne;1;0;0;2;12.48765;41.87849;-1;2;Motociclo a solo;In marcia / fermata / arresto;Conducente;M;Rimandato;0;NON DECEDUTO;Non accertato;
3095692;4;12/12/2016 19:35;Strada Urbana;VIA DELLA BUFALOTTA;da specificare;;;;fronte civico 174;Investimento di pedone;Rettilineo;Una carreggiata a doppio senso;Asciutto;Asfaltata;Verticale ed orizzontale;Sereno;Normale;Buona;Sufficiente;1;0;0;1;12.54978;41.96725;-1;;;;Pedone;F;Ricoverato;0;NON DECEDUTO;;
3095692;4;12/12/2016 19:35;Strada Urbana;VIA DELLA BUFALOTTA;da specificare;;;;fronte civico 174;Investimento di pedone;Rettilineo;Una carreggiata a doppio senso;Asciutto;Asfaltata;Verticale ed orizzontale;Sereno;Normale;Buona;Sufficiente;1;0;0;1;12.54978;41.96725;-1;1;Autovettura privata;In marcia / fermata / arresto;Conducente;M;Illeso;0;;;
3095716;3;09/12/2016 16:30;Strada Urbana;VIA COMO;all'intersezione con;VIA TRAPANI;VIA TRAPANI;;;Scontro frontale/laterale SX fra veicoli in marcia;Incrocio;Una carreggiata a senso unico di marcia;Asciutto;Asfaltata;Verticale ed orizzontale;Sereno;Scarso;Buona;Ore Diurne;1;0;0;1;12.51551;41.90974;-1;1;Motociclo a solo;In marcia / fermata / arresto;Conducente;M;Ricoverato;0;NON DECEDUTO;Non accertato;
3095716;3;09/12/2016 16:30;Strada Urbana;VIA COMO;all'intersezione con;VIA TRAPANI;VIA TRAPANI;;;Scontro frontale/laterale SX fra veicoli in marcia;Incrocio;Una carreggiata a senso unico di marcia;Asciutto;Asfaltata;Verticale ed orizzontale;Sereno;Scarso;Buona;Ore Diurne;1;0;0;1;12.51551;41.90974;-1;2;Ciclomotore;In marcia / fermata / arresto;Conducente;M;Illeso;0;;Non accertato;
3095727;3;11/12/2016 01:50;Strada Urbana;VIA NOMENTANA;da specificare;;;;ALTEZZA VIA VASI;Veicolo in marcia contro veicolo in sosta;Rettilineo;Due carreggiate;Asciutto;Asfaltata;Assente;Sereno;Scarso;Buona;Sufficiente;0;0;0;1;12.52184;41.92484;-1;1;Autovettura privata;In marcia / fermata / arresto;Conducente;M;Illeso;0;;Non accertato;
3095751;17;13/12/2016 15:30;Strada Urbana;PIAZZALE CLODIO;all'intersezione semaforizzata con;VIALE GIOVANNI FALCONE E PAOLO BORSELLIN;VIALE GIOVANNI FALCONE E PAOLO BORSELLIN;;;Scontro frontale/laterale SX fra veicoli in marcia;Intersezione semaforizzata;Due carreggiate;Asciutto;Asfaltata;Verticale ed orizzontale;Sereno;Normale;Buona;Ore Diurne;2;0;0;2;12.45492;41.91674;-1;1;Autocarro inferiore 35 q.;In marcia / fermata / arresto;Conducente;M;Illeso;0;;;
3095751;17;13/12/2016 15:30;Strada Urbana;PIAZZALE CLODIO;all'intersezione semaforizzata con;VIALE GIOVANNI FALCONE E PAOLO BORSELLIN;VIALE GIOVANNI FALCONE E PAOLO BORSELLIN;;;Scontro frontale/laterale SX fra veicoli in marcia;Intersezione semaforizzata;Due carreggiate;Asciutto;Asfaltata;Verticale ed orizzontale;Sereno;Normale;Buona;Ore Diurne;2;0;0;2;12.45492;41.91674;-1;1;Autocarro inferiore 35 q.;In marcia / fermata / arresto;Passeggero;M;Illeso;0;;;
3095751;17;13/12/2016 15:30;Strada Urbana;PIAZZALE CLODIO;all'intersezione semaforizzata con;VIALE GIOVANNI FALCONE E PAOLO BORSELLIN;VIALE GIOVANNI FALCONE E PAOLO BORSELLIN;;;Scontro frontale/laterale SX fra veicoli in marcia;Intersezione semaforizzata;Due carreggiate;Asciutto;Asfaltata;Verticale ed orizzontale;Sereno;Normale;Buona;Ore Diurne;2;0;0;2;12.45492;41.91674;-1;2;Motociclo con passeggero;In marcia / fermata / arresto;Conducente;M;Rifiuta cure immediate;0;NON DECEDUTO;;
3095751;17;13/12/2016 15:30;Strada Urbana;PIAZZALE CLODIO;all'intersezione semaforizzata con;VIALE GIOVANNI FALCONE E PAOLO BORSELLIN;VIALE GIOVANNI FALCONE E PAOLO BORSELLIN;;;Scontro frontale/laterale SX fra veicoli in marcia;Intersezione semaforizzata;Due carreggiate;Asciutto;Asfaltata;Verticale ed orizzontale;Sereno;Normale;Buona;Ore Diurne;2;0;0;2;12.45492;41.91674;-1;2;Motociclo con passeggero;In marcia / fermata / arresto;Passeggero;F;Ricoverato;0;NON DECEDUTO;;
3095779;15;13/12/2016 08:25;Strada Urbana;LARGO GAETANO LA LOGGIA;in corrispondenza;;del civico n.;4;;Scontro laterale fra veicoli in marcia;Rettilineo;Più di due carreggiate;Asciutto;Asfaltata;Verticale ed orizzontale;Sereno;Intenso;Buona;Ore Diurne;0;0;0;2;12.44629;41.85606;-1;1;Autovettura privata;In marcia / fermata / arresto;Conducente;M;Illeso;0;;;Inesploso
3095779;15;13/12/2016 08:25;Strada Urbana;LARGO GAETANO LA LOGGIA;in corrispondenza;;del civico n.;4;;Scontro laterale fra veicoli in marcia;Rettilineo;Più di due carreggiate;Asciutto;Asfaltata;Verticale ed orizzontale;Sereno;Intenso;Buona;Ore Diurne;0;0;0;2;12.44629;41.85606;-1;2;Autovettura privata;In marcia / fermata / arresto;Conducente;M;Illeso;0;;;Inesploso
3095782;15;13/12/2016 12:45;Strada Urbana;VIA DELLA MAGLIANA;da specificare;;;;fronte civico 321;Scontro laterale fra veicoli in marcia;Rettilineo;Due carreggiate;Asciutto;Asfaltata;Assente;Sereno;Normale;Buona;Sufficiente;0;0;0;2;12.42401;41.83394;-1;1;Autovettura privata;In marcia / fermata / arresto;Conducente;M;Illeso;0;;Utilizzato;Inesploso
3095782;15;13/12/2016 12:45;Strada Urbana;VIA DELLA MAGLIANA;da specificare;;;;fronte civico 321;Scontro laterale fra veicoli in marcia;Rettilineo;Due carreggiate;Asciutto;Asfaltata;Assente;Sereno;Normale;Buona;Sufficiente;0;0;0;2;12.42401;41.83394;-1;2;Autovettura privata;In marcia / fermata / arresto;Conducente;M;Illeso;0;;Utilizzato;Inesploso
3096020;7;13/12/2016 11:10;Strada Urbana;VIALE DELLA BELLA VILLA;all'intersezione con;VIA DEL GRANO;VIA DEL GRANO;;;Scontro frontale/laterale SX fra veicoli in marcia;Incrocio;Una carreggiata a doppio senso;Asciutto;Asfaltata;Verticale ed orizzontale;Sereno;Normale;Buona;Ore Diurne;0;0;0;4;12.577;41.87349;-1;1;Autovettura privata;In marcia / fermata / arresto;Conducente;M;Illeso;0;;Non accertato;Inesploso
3096020;7;13/12/2016 11:10;Strada Urbana;VIALE DELLA BELLA VILLA;all'intersezione con;VIA DEL GRANO;VIA DEL GRANO;;;Scontro frontale/laterale SX fra veicoli in marcia;Incrocio;Una carreggiata a doppio senso;Asciutto;Asfaltata;Verticale ed orizzontale;Sereno;Normale;Buona;Ore Diurne;0;0;0;4;12.577;41.87349;-1;2;Autovettura privata;In marcia / fermata / arresto;Conducente;M;Illeso;0;;Non accertato;Inesploso
3096020;7;13/12/2016 11:10;Strada Urbana;VIALE DELLA BELLA VILLA;all'intersezione con;VIA DEL GRANO;VIA DEL GRANO;;;Scontro frontale/laterale SX fra veicoli in marcia;Incrocio;Una carreggiata a doppio senso;Asciutto;Asfaltata;Verticale ed orizzontale;Sereno;Normale;Buona;Ore Diurne;0;0;0;4;12.577;41.87349;-1;2;Autovettura privata;In marcia / fermata / arresto;Passeggero;F;Illeso;0;;Non accertato;Inesploso
3096020;7;13/12/2016 11:10;Strada Urbana;VIALE DELLA BELLA VILLA;all'intersezione con;VIA DEL GRANO;VIA DEL GRANO;;;Scontro frontale/laterale SX fra veicoli in marcia;Incrocio;Una carreggiata a doppio senso;Asciutto;Asfaltata;Verticale ed orizzontale;Sereno;Normale;Buona;Ore Diurne;0;0;0;4;12.577;41.87349;-1;2;Autovettura privata;In marcia / fermata / arresto;Passeggero;F;Illeso;0;;Non accertato;Inesploso
3096024;13;13/12/2016 20:05;Strada Urbana;VIA GIUSEPPE BEDUSCHI;in corrispondenza;;del civico n.;31;;Veicolo in marcia contro ostacolo accidentale;Rettilineo;Una carreggiata a senso unico di marcia;Asciutto;Asfaltata;Verticale;Sereno;Scarso;Sufficiente;Sufficiente;0;0;0;3;12.35426;41.79054;-1;1;Autovettura privata;In marcia / fermata / arresto;Conducente;M;Illeso;0;;Non accertato;Inesploso
3096024;13;13/12/2016 20:05;Strada Urbana;VIA GIUSEPPE BEDUSCHI;in corrispondenza;;del civico n.;31;;Veicolo in marcia contro ostacolo accidentale;Rettilineo;Una carreggiata a senso unico di marcia;Asciutto;Asfaltata;Verticale;Sereno;Scarso;Sufficiente;Sufficiente;0;0;0;3;12.35426;41.79054;-1;1;Autovettura privata;In marcia / fermata / arresto;Passeggero;M;Illeso;0;;Non accertato;Inesploso
3096024;13;13/12/2016 20:05;Strada Urbana;VIA GIUSEPPE BEDUSCHI;in corrispondenza;;del civico n.;31;;Veicolo in marcia contro ostacolo accidentale;Rettilineo;Una carreggiata a senso unico di marcia;Asciutto;Asfaltata;Verticale;Sereno;Scarso;Sufficiente;Sufficiente;0;0;0;3;12.35426;41.79054;-1;1;Autovettura privata;In marcia / fermata / arresto;Passeggero;F;Illeso;0;;Non accertato;Inesploso
3096025;13;13/12/2016 18:50;Strada Urbana;VIADOTTO ATTICO TABACCHI;da specificare;;;;prossimità Via delle Baleniere;Tamponamento;Cavalcavia;Due carreggiate;Asciutto;Asfaltata;Verticale ed orizzontale;Sereno;Normale;Buona;Sufficiente;0;0;0;2;12.27951;41.73819;-1;1;Autovettura privata;In marcia / fermata / arresto;Conducente;M;Illeso;0;;;
3096025;13;13/12/2016 18:50;Strada Urbana;VIADOTTO ATTICO TABACCHI;da specificare;;;;prossimità Via delle Baleniere;Tamponamento;Cavalcavia;Due carreggiate;Asciutto;Asfaltata;Verticale ed orizzontale;Sereno;Normale;Buona;Sufficiente;0;0;0;2;12.27951;41.73819;-1;2;Autovettura privata;In marcia / fermata / arresto;Conducente;M;Illeso;0;;;
3096026;13;13/12/2016 08:50;Strada Urbana;VIALE ENRICO ORTOLANI;da specificare;;;;prossimità Via di Saponara;Veicolo in marcia contro ostacolo accidentale;Curva a visuale libera;Una carreggiata a doppio senso;Asciutto;Asfaltata;Assente;Sereno;Normale;Buona;Ore Diurne;0;0;0;1;12.32636;41.76806;-1;1;Autovettura privata;In marcia / fermata / arresto;Conducente;M;Illeso;0;;Non accertato;Inesploso
3096027;6;13/12/2016 21:00;Strada Urbana;VIA SAMPIERO DI BASTELICA;all'intersezione con;VIA RENZO DA CERI;VIA RENZO DA CERI;;;Scontro frontale/laterale SX fra veicoli in marcia;Incrocio;Una carreggiata a senso unico di marcia;Asciutto;Asfaltata;Verticale;Sereno;Normale;Sufficiente;Sufficiente;0;0;0;2;12.53861;41.89065;-1;1;Autovettura privata;In marcia / fermata / arresto;Conducente;F;Illeso;0;;;
3096027;6;13/12/2016 21:00;Strada Urbana;VIA SAMPIERO DI BASTELICA;all'intersezione con;VIA RENZO DA CERI;VIA RENZO DA CERI;;;Scontro frontale/laterale SX fra veicoli in marcia;Incrocio;Una carreggiata a senso unico di marcia;Asciutto;Asfaltata;Verticale;Sereno;Normale;Sufficiente;Sufficiente;0;0;0;2;12.53861;41.89065;-1;2;Autovettura privata;In marcia / fermata / arresto;Conducente;F;Illeso;0;;;
3096028;13;13/12/2016 17:30;Strada Urbana;VIA MAR ARABICO;da specificare;;;;Via dei Promontori;Veicolo in marcia contro veicolo in sosta;Rettilineo;Due carreggiate;Asciutto;Asfaltata;Verticale ed orizzontale;Sereno;Scarso;Sufficiente;Sufficiente;0;0;0;1;12.30023;41.73303;-1;1;Autovettura privata;In marcia / fermata / arresto;Conducente;M;Illeso;0;;Non accertato;Inesploso
3096035;13;13/12/2016 14:30;Strada Urbana;VIALE FRA' ANDREA DI GIOVANNI;all'intersezione con;VIA MADRE COLOMBA GABRIEL;VIA MADRE COLOMBA GABRIEL;;;Scontro frontale/laterale SX fra veicoli in marcia;Intersezione stradale segnalata;Due carreggiate;Asciutto;Asfaltata;Verticale ed orizzontale;Sereno;Normale;Buona;Ore Diurne;1;0;0;1;12.34528;41.78021;-1;1;Autovettura privata;In marcia / fermata / arresto;Conducente;F;Rimandato;0;NON DECEDUTO;Non accertato;Inesploso
3096035;13;13/12/2016 14:30;Strada Urbana;VIALE FRA' ANDREA DI GIOVANNI;all'intersezione con;VIA MADRE COLOMBA GABRIEL;VIA MADRE COLOMBA GABRIEL;;;Scontro frontale/laterale SX fra veicoli in marcia;Intersezione stradale segnalata;Due carreggiate;Asciutto;Asfaltata;Verticale ed orizzontale;Sereno;Normale;Buona;Ore Diurne;1;0;0;1;12.34528;41.78021;-1;2;Autovettura privata;In marcia / fermata / arresto;Conducente;F;Illeso;0;;Non accertato;Inesploso
3096039;13;13/12/2016 23:00;Strada Urbana;VIALE CHARLES LENORMANT;da specificare;;;;50 m dopo Via S Gasbarra;Veicolo in marcia contro ostacolo accidentale;Rettilineo;Due carreggiate;Asciutto;Asfaltata;Assente;Sereno;Scarso;Insufficiente;Insufficiente;0;0;0;1;12.32401;41.7715;-1;1;Motociclo a solo;In marcia / fermata / arresto;Conducente;M;Illeso;0;;;
3096061;5;13/12/2016 09:30;Strada Urbana;VIA DONATO MENICHELLA;in corrispondenza;;del civico n.;62;;Scontro laterale fra veicoli in marcia;Rettilineo;Una carreggiata a senso unico di marcia;Asciutto;Asfaltata;Assente;Sereno;Scarso;Buona;Ore Diurne;0;0;0;2;12.58776;41.9475;-1;1;Autovettura privata;In marcia / fermata / arresto;Conducente;M;Illeso;0;;Non accertato;Inesploso
3096061;5;13/12/2016 09:30;Strada Urbana;VIA DONATO MENICHELLA;in corrispondenza;;del civico n.;62;;Scontro laterale fra veicoli in marcia;Rettilineo;Una carreggiata a senso unico di marcia;Asciutto;Asfaltata;Assente;Sereno;Scarso;Buona;Ore Diurne;0;0;0;2;12.58776;41.9475;-1;2;Autovettura privata;In marcia / fermata / arresto;Conducente;M;Illeso;0;;Non accertato;Inesploso
3096079;5;13/12/2016 12:00;Strada Urbana;VIA TIBURTINA;da specificare;;;;altezza Via Brandizzi Gianni;Scontro frontale/laterale SX fra veicoli in marcia;Rettilineo;Due carreggiate;Asciutto;Asfaltata;Verticale;Sereno;Normale;Buona;Ore Diurne;0;0;0;3;12.57908;41.93148;-1;1;Autovettura privata;In marcia / fermata / arresto;Conducente;F;Illeso;0;;Non accertato;Inesploso
3096079;5;13/12/2016 12:00;Strada Urbana;VIA TIBURTINA;da specificare;;;;altezza Via Brandizzi Gianni;Scontro frontale/laterale SX fra veicoli in marcia;Rettilineo;Due carreggiate;Asciutto;Asfaltata;Verticale;Sereno;Normale;Buona;Ore Diurne;0;0;0;3;12.57908;41.93148;-1;1;Autovettura privata;In marcia / fermata / arresto;Passeggero;F;Illeso;0;;Non accertato;Inesploso
3096079;5;13/12/2016 12:00;Strada Urbana;VIA TIBURTINA;da specificare;;;;altezza Via Brandizzi Gianni;Scontro frontale/laterale SX fra veicoli in marcia;Rettilineo;Due carreggiate;Asciutto;Asfaltata;Verticale;Sereno;Normale;Buona;Ore Diurne;0;0;0;3;12.57908;41.93148;-1;2;Autovettura privata;In marcia / fermata / arresto;Conducente;F;Illeso;0;;Non accertato;Inesploso
3096085;5;13/12/2016 15:35;Strada Urbana;VIA TIBURTINA;in corrispondenza;;del civico n.;350;;Scontro laterale fra veicoli in marcia;Rettilineo;Due carreggiate;Asciutto;Asfaltata;Verticale ed orizzontale;Sereno;Intenso;Buona;Ore Diurne;1;0;0;2;12.53513;41.90801;-1;1;Autovettura privata;In marcia / fermata / arresto;Conducente;F;Illeso;0;;Non accertato;Inesploso
3096085;5;13/12/2016 15:35;Strada Urbana;VIA TIBURTINA;in corrispondenza;;del civico n.;350;;Scontro laterale fra veicoli in marcia;Rettilineo;Due carreggiate;Asciutto;Asfaltata;Verticale ed orizzontale;Sereno;Intenso;Buona;Ore Diurne;1;0;0;2;12.53513;41.90801;-1;1;Autovettura privata;In marcia / fermata / arresto;Passeggero;F;Illeso;0;;Non accertato;Inesploso
3096085;5;13/12/2016 15:35;Strada Urbana;VIA TIBURTINA;in corrispondenza;;del civico n.;350;;Scontro laterale fra veicoli in marcia;Rettilineo;Due carreggiate;Asciutto;Asfaltata;Verticale ed orizzontale;Sereno;Intenso;Buona;Ore Diurne;1;0;0;2;12.53513;41.90801;-1;2;Motociclo a solo;In marcia / fermata / arresto;Conducente;M;Rimandato;0;NON DECEDUTO;Non accertato;
3096088;7;13/12/2016 12:45;Strada Urbana;VIA DI TOR TRE TESTE;all'intersezione semaforizzata con;VIA ROLANDO LANARI;VIA ROLANDO LANARI;;;Scontro frontale fra veicoli in marcia;Intersezione semaforizzata;Più di due carreggiate;Asciutto;Asfaltata;Verticale ed orizzontale;Sereno;Normale;Buona;Ore Diurne;0;0;0;3;12.59186;41.88157;-1;1;Autovettura privata;In marcia / fermata / arresto;Conducente;M;Illeso;0;;Non accertato;Inesploso
3096088;7;13/12/2016 12:45;Strada Urbana;VIA DI TOR TRE TESTE;all'intersezione semaforizzata con;VIA ROLANDO LANARI;VIA ROLANDO LANARI;;;Scontro frontale fra veicoli in marcia;Intersezione semaforizzata;Più di due carreggiate;Asciutto;Asfaltata;Verticale ed orizzontale;Sereno;Normale;Buona;Ore Diurne;0;0;0;3;12.59186;41.88157;-1;2;Autovettura privata;In marcia / fermata / arresto;Conducente;M;Illeso;0;;Non accertato;Inesploso
3096088;7;13/12/2016 12:45;Strada Urbana;VIA DI TOR TRE TESTE;all'intersezione semaforizzata con;VIA ROLANDO LANARI;VIA ROLANDO LANARI;;;Scontro frontale fra veicoli in marcia;Intersezione semaforizzata;Più di due carreggiate;Asciutto;Asfaltata;Verticale ed orizzontale;Sereno;Normale;Buona;Ore Diurne;0;0;0;3;12.59186;41.88157;-1;2;Autovettura privata;In marcia / fermata / arresto;Passeggero;M;Illeso;0;;Non accertato;Inesploso
3096117;20;13/12/2016 21:19;Regionale entro l'abitato;VIA CASSIA;in corrispondenza;;del civico n.;F.C. 1636;;Investimento di pedone;Rettilineo;Una carreggiata a doppio senso;Asciutto;Asfaltata;Orizzontale;Sereno;Scarso;Buona;Sufficiente;0;0;1;1;12.38196;42.00347;-1;;;;Pedone;M;Prognosi riservata;0;DECEDUTO ENTRO 1 MESE;;
3096117;20;13/12/2016 21:19;Regionale entro l'abitato;VIA CASSIA;in corrispondenza;;del civico n.;F.C. 1636;;Investimento di pedone;Rettilineo;Una carreggiata a doppio senso;Asciutto;Asfaltata;Orizzontale;Sereno;Scarso;Buona;Sufficiente;0;0;1;1;12.38196;42.00347;-1;1;Motociclo a solo;In marcia / fermata / arresto;Conducente;M;Illeso;0;;Non accertato;
3096120;8;13/12/2016 08:40;Strada Urbana;VIA PRENESTINA;all'intersezione con;VIA DELLA RISERVA NUOVA;VIA DELLA RISERVA NUOVA;;;Scontro frontale/laterale SX fra veicoli in marcia;Intersezione semaforizzata;Una carreggiata a doppio senso;Asciutto;Asfaltata;Orizzontale;Sereno;Normale;Buona;Ore Diurne;4;0;0;0;12.69057;41.85762;-1;1;Autovettura privata;In marcia / fermata / arresto;Conducente;F;Rimandato;0;NON DECEDUTO;Non accertato;Inesploso
3096120;8;13/12/2016 08:40;Strada Urbana;VIA PRENESTINA;all'intersezione con;VIA DELLA RISERVA NUOVA;VIA DELLA RISERVA NUOVA;;;Scontro frontale/laterale SX fra veicoli in marcia;Intersezione semaforizzata;Una carreggiata a doppio senso;Asciutto;Asfaltata;Orizzontale;Sereno;Normale;Buona;Ore Diurne;4;0;0;0;12.69057;41.85762;-1;1;Autovettura privata;In marcia / fermata / arresto;Passeggero;F;Rimandato;0;NON DECEDUTO;Non accertato;Inesploso
3096120;8;13/12/2016 08:40;Strada Urbana;VIA PRENESTINA;all'intersezione con;VIA DELLA RISERVA NUOVA;VIA DELLA RISERVA NUOVA;;;Scontro frontale/laterale SX fra veicoli in marcia;Intersezione semaforizzata;Una carreggiata a doppio senso;Asciutto;Asfaltata;Orizzontale;Sereno;Normale;Buona;Ore Diurne;4;0;0;0;12.69057;41.85762;-1;2;Autovettura privata;In marcia / fermata / arresto;Conducente;M;Rimandato;0;NON DECEDUTO;Non accertato;Inesploso
3096120;8;13/12/2016 08:40;Strada Urbana;VIA PRENESTINA;all'intersezione con;VIA DELLA RISERVA NUOVA;VIA DELLA RISERVA NUOVA;;;Scontro frontale/laterale SX fra veicoli in marcia;Intersezione semaforizzata;Una carreggiata a doppio senso;Asciutto;Asfaltata;Orizzontale;Sereno;Normale;Buona;Ore Diurne;4;0;0;0;12.69057;41.85762;-1;2;Autovettura privata;In marcia / fermata / arresto;Passeggero;M;Rimandato;0;NON DECEDUTO;Non accertato;Inesploso
3096132;8;13/12/2016 10:15;Strada Urbana;VIA DI VERMICINO;in corrispondenza;;del civico n.;72/B;;Investimento di pedone;Rettilineo;Una carreggiata a doppio senso;Asciutto;Asfaltata;Verticale ed orizzontale;Sereno;Normale;Buona;Ore Diurne;1;0;0;1;12.49637;41.90278;-1;;;;Pedone;F;Rimandato;0;NON DECEDUTO;;
3096132;8;13/12/2016 10:15;Strada Urbana;VIA DI VERMICINO;in corrispondenza;;del civico n.;72/B;;Investimento di pedone;Rettilineo;Una carreggiata a doppio senso;Asciutto;Asfaltata;Verticale ed orizzontale;Sereno;Normale;Buona;Ore Diurne;1;0;0;1;12.49637;41.90278;-1;1;Autovettura privata;In marcia / fermata / arresto;Conducente;M;Illeso;0;;Non accertato;Inesploso
3096136;17;13/12/2016 22:00;Strada Urbana;LUNGOTEVERE DELLA VITTORIA;in prossimità;;del civico n.;11;;Veicolo in marcia contro veicoli in sosta;Rettilineo;Una carreggiata a doppio senso;Asciutto;Asfaltata;Verticale ed orizzontale;Sereno;Scarso;Buona;Sufficiente;0;0;0;1;12.4637;41.9219;-1;1;Autovettura privata;Allontanatosi;Conducente;F;Illeso;0;;;
3096137;8;13/12/2016 11:30;Strada Urbana;VIALE DEI ROMANISTI;all'intersezione con;VIALE PALMIRO TOGLIATTI;VIALE PALMIRO TOGLIATTI;;;Scontro laterale fra veicoli in marcia;Incrocio;Due carreggiate;Asciutto;Asfaltata;Orizzontale;Sereno;Normale;Buona;Ore Diurne;0;0;0;2;12.56814;41.86977;-1;1;Autovettura privata;In marcia / fermata / arresto;Conducente;M;Illeso;0;;Non accertato;Inesploso
3096137;8;13/12/2016 11:30;Strada Urbana;VIALE DEI ROMANISTI;all'intersezione con;VIALE PALMIRO TOGLIATTI;VIALE PALMIRO TOGLIATTI;;;Scontro laterale fra veicoli in marcia;Incrocio;Due carreggiate;Asciutto;Asfaltata;Orizzontale;Sereno;Normale;Buona;Ore Diurne;0;0;0;2;12.56814;41.86977;-1;2;Veicolo speciale;In marcia / fermata / arresto;Conducente;M;Illeso;0;;Non accertato;Inesploso
3096140;15;13/12/2016 19:45;Strada Urbana;VIA ENRICO FERMI;all'intersezione con;VIA GIUSEPPE PEANO;VIA GIUSEPPE PEANO;;;Scontro frontale/laterale SX fra veicoli in marcia;Incrocio;Due carreggiate;Asciutto;Asfaltata;Verticale ed orizzontale;Sereno;Normale;Buona;Sufficiente;0;0;0;2;12.47207;41.86468;-1;1;Autovettura pubblica;In marcia / fermata / arresto;Conducente;M;Illeso;0;;Utilizzato;
3096140;15;13/12/2016 19:45;Strada Urbana;VIA ENRICO FERMI;all'intersezione con;VIA GIUSEPPE PEANO;VIA GIUSEPPE PEANO;;;Scontro frontale/laterale SX fra veicoli in marcia;Incrocio;Due carreggiate;Asciutto;Asfaltata;Verticale ed orizzontale;Sereno;Normale;Buona;Sufficiente;0;0;0;2;12.47207;41.86468;-1;2;Autovettura privata;In marcia / fermata / arresto;Conducente;M;Illeso;0;;Utilizzato;
3096143;8;13/12/2016 12:15;Strada Urbana;VIA CASILINA;in corrispondenza;;del civico n.;1583/A;;Veicolo in marcia contro ostacolo accidentale;Rettilineo;Due carreggiate;Asciutto;Asfaltata;Verticale ed orizzontale;Sereno;Normale;Buona;Ore Diurne;0;0;0;1;12.63399;41.86356;-1;1;Autovettura privata;In marcia / fermata / arresto;Conducente;M;Illeso;0;;Non accertato;Inesploso
3096146;8;13/12/2016 17:35;Strada Urbana;VIA AMICO ASPERTINI;in prossimità;;del civico n.;378;;Scontro laterale fra veicoli in marcia;Rettilineo;Una carreggiata a doppio senso;Asciutto;Asfaltata;Verticale ed orizzontale;Sereno;Intenso;Sufficiente;Sufficiente;0;0;0;5;12.62934;41.87099;-1;1;Autovettura privata;In marcia / fermata / arresto;Conducente;F;Illeso;0;;Non accertato;Inesploso
3096146;8;13/12/2016 17:35;Strada Urbana;VIA AMICO ASPERTINI;in prossimità;;del civico n.;378;;Scontro laterale fra veicoli in marcia;Rettilineo;Una carreggiata a doppio senso;Asciutto;Asfaltata;Verticale ed orizzontale;Sereno;Intenso;Sufficiente;Sufficiente;0;0;0;5;12.62934;41.87099;-1;1;Autovettura privata;In marcia / fermata / arresto;Passeggero;M;Illeso;0;;Non accertato;Inesploso
3096146;8;13/12/2016 17:35;Strada Urbana;VIA AMICO ASPERTINI;in prossimità;;del civico n.;378;;Scontro laterale fra veicoli in marcia;Rettilineo;Una carreggiata a doppio senso;Asciutto;Asfaltata;Verticale ed orizzontale;Sereno;Intenso;Sufficiente;Sufficiente;0;0;0;5;12.62934;41.87099;-1;1;Autovettura privata;In marcia / fermata / arresto;Passeggero;M;Illeso;0;;Non accertato;Inesploso
3096146;8;13/12/2016 17:35;Strada Urbana;VIA AMICO ASPERTINI;in prossimità;;del civico n.;378;;Scontro laterale fra veicoli in marcia;Rettilineo;Una carreggiata a doppio senso;Asciutto;Asfaltata;Verticale ed orizzontale;Sereno;Intenso;Sufficiente;Sufficiente;0;0;0;5;12.62934;41.87099;-1;2;Autovettura privata;In marcia / fermata / arresto;Conducente;M;Illeso;0;;Non accertato;Inesploso
3096146;8;13/12/2016 17:35;Strada Urbana;VIA AMICO ASPERTINI;in prossimità;;del civico n.;378;;Scontro laterale fra veicoli in marcia;Rettilineo;Una carreggiata a doppio senso;Asciutto;Asfaltata;Verticale ed orizzontale;Sereno;Intenso;Sufficiente;Sufficiente;0;0;0;5;12.62934;41.87099;-1;2;Autovettura privata;In marcia / fermata / arresto;Passeggero;F;Illeso;0;;Non accertato;Inesploso