Protocollo;Gruppo;DataOraIncidente;Localizzazione1;STRADA1;Localizzazione2;STRADA2;Strada02;Chilometrica;DaSpecificare;NaturaIncidente;particolaritastrade;TipoStrada;FondoStradale;Pavimentazione;Segnaletica;CondizioneAtmosferica;Traffico;Visibilita;Illuminazione;NUM_FERITI;NUM_RISERVATA;NUM_MORTI;NUM_ILLESI;Longitudine;Latitudine;Confermato;Progressivo;TipoVeicolo;StatoVeicolo;TipoPersona;Sesso;Tipolesione;Deceduto;DecedutoDopo;CinturaCascoUtilizzato;Airbag
3097928;4;13/12/2016 18:45;Strada Urbana;VIA DEI PRATI FISCALI;all'intersezione semaforizzata con;VIA CAVRIGLIA;VIA CAVRIGLIA;;;Scontro frontale/laterale DX fra veicoli in marcia;Intersezione stradale segnalata;Due carreggiate;Asciutto;Asfaltata;Verticale ed orizzontale;Sereno;Normale;Buona;Sufficiente;3;0;0;1;12.5161;41.94608;-1;1;Autovettura privata;In marcia / fermata / arresto;Conducente;F;Rimandato;0;NON DECEDUTO;Non accertato;Inesploso
3097928;4;13/12/2016 18:45;Strada Urbana;VIA DEI PRATI FISCALI;all'intersezione semaforizzata con;VIA CAVRIGLIA;VIA CAVRIGLIA;;;Scontro frontale/laterale DX fra veicoli in marcia;Intersezione stradale segnalata;Due carreggiate;Asciutto;Asfaltata;Verticale ed orizzontale;Sereno;Normale;Buona;Sufficiente;3;0;0;1;12.5161;41.94608;-1;1;Autovettura privata;In marcia / fermata / arresto;Passeggero;M;Rifiuta cure immediate;0;NON DECEDUTO;Non accertato;Inesploso
3097928;4;13/12/2016 18:45;Strada Urbana;VIA DEI PRATI FISCALI;all'intersezione semaforizzata con;VIA CAVRIGLIA;VIA CAVRIGLIA;;;Scontro frontale/laterale DX fra veicoli in marcia;Intersezione stradale segnalata;Due carreggiate;Asciutto;Asfaltata;Verticale ed orizzontale;Sereno;Normale;Buona;Sufficiente;3;0;0;1;12.5161;41.94608;-1;2;Autovettura privata;In marcia / fermata / arresto;Conducente;M;Rimandato;0;NON DECEDUTO;Non accertato;Inesploso
3097928;4;13/12/2016 18:45;Strada Urbana;VIA DEI PRATI FISCALI;all'intersezione semaforizzata con;VIA CAVRIGLIA;VIA CAVRIGLIA;;;Scontro frontale/laterale DX fra veicoli in marcia;Intersezione stradale segnalata;Due carreggiate;Asciutto;Asfaltata;Verticale ed orizzontale;Sereno;Normale;Buona;Sufficiente;3;0;0;1;12.5161;41.94608;-1;3;Autovettura privata;In marcia / fermata / arresto;Conducente;M;Illeso;0;;Non accertato;Inesploso
3097934;17;14/12/2016 13:15;Strada Urbana;VIA TRIBONIANO;da specificare;;;;in prossimità di piazza Adriana;Scontro laterale fra veicoli in marcia;Rettilineo;Una carreggiata a senso unico di marcia;Asciutto;Asfaltata;Verticale ed orizzontale;Sereno;Normale;Buona;Ore Diurne;0;0;0;3;12.46943;41.90369;-1;1;Autovettura privata;In marcia / fermata / arresto;Conducente;M;Illeso;0;;Non accertato;Inesploso
3097934;17;14/12/2016 13:15;Strada Urbana;VIA TRIBONIANO;da specificare;;;;in prossimità di piazza Adriana;Scontro laterale fra veicoli in marcia;Rettilineo;Una carreggiata a senso unico di marcia;Asciutto;Asfaltata;Verticale ed orizzontale;Sereno;Normale;Buona;Ore Diurne;0;0;0;3;12.46943;41.90369;-1;1;Autovettura privata;In marcia / fermata / arresto;Passeggero;F;Illeso;0;;Non accertato;Inesploso
3097934;17;14/12/2016 13:15;Strada Urbana;VIA TRIBONIANO;da specificare;;;;in prossimità di piazza Adriana;Scontro laterale fra veicoli in marcia;Rettilineo;Una carreggiata a senso unico di marcia;Asciutto;Asfaltata;Verticale ed orizzontale;Sereno;Normale;Buona;Ore Diurne;0;0;0;3;12.46943;41.90369;-1;2;Autocarro inferiore 35 q.;In marcia / fermata / arresto;Conducente;M;Illeso;0;;Non accertato;Inesploso
3097938;16;12/12/2016 21:15;Strada Urbana;VIA PORTUENSE;all'intersezione con;VIA TROIANI;VIA TROIANI;;;Scontro frontale/laterale DX fra veicoli in marcia;Intersezione non regolata/non segnalata;Due carreggiate;Asciutto;Asfaltata;Verticale ed orizzontale;Sereno;Normale;Buona;Sufficiente;1;0;0;1;12.4158;41.84758;-1;1;Motociclo a solo;In marcia / fermata / arresto;Conducente;M;Rimandato;0;NON DECEDUTO;Non accertato;
3097938;16;12/12/2016 21:15;Strada Urbana;VIA PORTUENSE;all'intersezione con;VIA TROIANI;VIA TROIANI;;;Scontro frontale/laterale DX fra veicoli in marcia;Intersezione non regolata/non segnalata;Due carreggiate;Asciutto;Asfaltata;Verticale ed orizzontale;Sereno;Normale;Buona;Sufficiente;1;0;0;1;12.4158;41.84758;-1;2;Autovettura privata;In marcia / fermata / arresto;Conducente;F;Illeso;0;;Non accertato;
3097943;10;14/12/2016 08:35;Strada Urbana;VIA ROCCA IMPERIALE;all'intersezione con;VIA BELLICO CALPURNIO;VIA BELLICO CALPURNIO;;;Scontro frontale/laterale DX fra veicoli in marcia;Intersezione stradale segnalata;Una carreggiata a doppio senso;Asciutto;Asfaltata;Verticale ed orizzontale;Sereno;Normale;Buona;Ore Diurne;0;0;0;2;12.61042;41.82322;-1;1;Autovettura privata;In marcia / fermata / arresto;Conducente;M;Illeso;0;;Non accertato;Inesploso
3097943;10;14/12/2016 08:35;Strada Urbana;VIA ROCCA IMPERIALE;all'intersezione con;VIA BELLICO CALPURNIO;VIA BELLICO CALPURNIO;;;Scontro frontale/laterale DX fra veicoli in marcia;Intersezione stradale segnalata;Una carreggiata a doppio senso;Asciutto;Asfaltata;Verticale ed orizzontale;Sereno;Normale;Buona;Ore Diurne;0;0;0;2;12.61042;41.82322;-1;2;Autovettura privata;In marcia / fermata / arresto;Conducente;F;Illeso;0;;Non accertato;Inesploso
3097958;19;14/12/2016 15:40;Strada Urbana;VIALE DELLE MEDAGLIE D'ORO;all'intersezione con;PIAZZALE DELLE MEDAGLIE D'ORO;PIAZZALE DELLE MEDAGLIE D'ORO;;;Scontro frontale/laterale SX fra veicoli in marcia;Incrocio;Una carreggiata a doppio senso;Asciutto;Asfaltata;Orizzontale;Sereno;Normale;Buona;Ore Diurne;1;0;0;1;12.44591;41.92357;-1;1;Quadriciclo leggero;In marcia / fermata / arresto;Conducente;F;Rifiuta cure immediate;0;NON DECEDUTO;Non accertato;Inesploso
3097958;19;14/12/2016 15:40;Strada Urbana;VIALE DELLE MEDAGLIE D'ORO;all'intersezione con;PIAZZALE DELLE MEDAGLIE D'ORO;PIAZZALE DELLE MEDAGLIE D'ORO;;;Scontro frontale/laterale SX fra veicoli in marcia;Incrocio;Una carreggiata a doppio senso;Asciutto;Asfaltata;Orizzontale;Sereno;Normale;Buona;Ore Diurne;1;0;0;1;12.44591;41.92357;-1;2;Autovettura privata;In marcia / fermata / arresto;Conducente;M;Illeso;0;;Non accertato;Inesploso
3097967;10;14/12/2016 19:00;Strada Urbana;VIA TUSCOLANA;all'intersezione semaforizzata con;CIRCONVALLAZIONE TUSCOLANA;CIRCONVALLAZIONE TUSCOLANA;;;Scontro laterale fra veicoli in marcia;Intersezione semaforizzata;Due carreggiate;Asciutto;Asfaltata;Verticale ed orizzontale;Sereno;Normale;Buona;Sufficiente;0;0;0;2;12.57887;41.84638;-1;1;Autovettura privata;In marcia / fermata / arresto;Conducente;F;Illeso;0;;;
3097967;10;14/12/2016 19:00;Strada Urbana;VIA TUSCOLANA;all'intersezione semaforizzata con;CIRCONVALLAZIONE TUSCOLANA;CIRCONVALLAZIONE TUSCOLANA;;;Scontro laterale fra veicoli in marcia;Intersezione semaforizzata;Due carreggiate;Asciutto;Asfaltata;Verticale ed orizzontale;Sereno;Normale;Buona;Sufficiente;0;0;0;2;12.57887;41.84638;-1;2;Autovettura privata;In marcia / fermata / arresto;Conducente;M;Illeso;0;;;
3097991;19;14/12/2016 17:45;Strada Urbana;VIA DELLA LUCCHINA;all'intersezione con;VIA ALFONSO GALLO;VIA ALFONSO GALLO;;;Scontro frontale/laterale DX fra veicoli in marcia;Incrocio;Una carreggiata a senso unico di marcia;Asciutto;Asfaltata;Verticale;Sereno;Scarso;Buona;Sufficiente;0;0;0;3;12.40242;41.96026;-1;1;Autovettura privata;In marcia / fermata / arresto;Conducente;F;Illeso;0;;;
3097991;19;14/12/2016 17:45;Strada Urbana;VIA DELLA LUCCHINA;all'intersezione con;VIA ALFONSO GALLO;VIA ALFONSO GALLO;;;Scontro frontale/laterale DX fra veicoli in marcia;Incrocio;Una carreggiata a senso unico di marcia;Asciutto;Asfaltata;Verticale;Sereno;Scarso;Buona;Sufficiente;0;0;0;3;12.40242;41.96026;-1;1;Autovettura privata;In marcia / fermata / arresto;Passeggero;M;Illeso;0;;;
3097991;19;14/12/2016 17:45;Strada Urbana;VIA DELLA LUCCHINA;all'intersezione con;VIA ALFONSO GALLO;VIA ALFONSO GALLO;;;Scontro frontale/laterale DX fra veicoli in marcia;Incrocio;Una carreggiata a senso unico di marcia;Asciutto;Asfaltata;Verticale;Sereno;Scarso;Buona;Sufficiente;0;0;0;3;12.40242;41.96026;-1;2;Autovettura privata;In marcia / fermata / arresto;Conducente;M;Illeso;0;;;
3098024;4;14/12/2016 17:05;Strada Urbana;VIA UGO OJETTI;in prossimità;;del civico n.;450;;Tamponamento;Rotatoria;Una carreggiata a senso unico di marcia;Asciutto;Asfaltata;Verticale ed orizzontale;Sereno;Normale;Sufficiente;Sufficiente;1;0;0;2;12.55636;41.94893;-1;1;Autovettura privata;In marcia / fermata / arresto;Conducente;M;Illeso;0;;Non accertato;
3098024;4;14/12/2016 17:05;Strada Urbana;VIA UGO OJETTI;in prossimità;;del civico n.;450;;Tamponamento;Rotatoria;Una carreggiata a senso unico di marcia;Asciutto;Asfaltata;Verticale ed orizzontale;Sereno;Normale;Sufficiente;Sufficiente;1;0;0;2;12.55636;41.94893;-1;2;Motociclo con passeggero;In marcia / fermata / arresto;Conducente;M;Illeso;0;;Non accertato;
3098024;4;14/12/2016 17:05;Strada Urbana;VIA UGO OJETTI;in prossimità;;del civico n.;450;;Tamponamento;Rotatoria;Una carreggiata a senso unico di marcia;Asciutto;Asfaltata;Verticale ed orizzontale;Sereno;Normale;Sufficiente;Sufficiente;1;0;0;2;12.55636;41.94893;-1;2;Motociclo con passeggero;In marcia / fermata / arresto;Passeggero;F;Rimandato;0;NON DECEDUTO;Non accertato;
3098030;17;14/12/2016 13:10;Strada Urbana;VIA TRIBONIANO;da specificare;;;;in prossimità di piazza Adriana;Scontro laterale fra veicoli in marcia;Rettilineo;Una carreggiata a senso unico di marcia;Asciutto;Asfaltata;Verticale ed orizzontale;Sereno;Normale;Buona;Ore Diurne;0;0;0;2;12.46923;41.90404;-1;1;Autovettura privata;In marcia / fermata / arresto;Conducente;F;Illeso;0;;Non accertato;Inesploso
3098030;17;14/12/2016 13:10;Strada Urbana;VIA TRIBONIANO;da specificare;;;;in prossimità di piazza Adriana;Scontro laterale fra veicoli in marcia;Rettilineo;Una carreggiata a senso unico di marcia;Asciutto;Asfaltata;Verticale ed orizzontale;Sereno;Normale;Buona;Ore Diurne;0;0;0;2;12.46923;41.90404;-1;2;Autocarro inferiore 35 q.;In marcia / fermata / arresto;Conducente;M;Illeso;0;;Non accertato;Inesploso
3098053;19;14/12/2016 18:00;Strada Urbana;VIA DEL PODERE FIUME;in prossimità;;del civico n.;10;;Veicolo in marcia contro veicolo fermo;Rettilineo;Una carreggiata a doppio senso;Asciutto;Asfaltata;Assente;Sereno;Normale;Buona;Sufficiente;0;0;0;2;12.40321;41.92563;-1;1;Autovettura privata;In marcia / fermata / arresto;Conducente;M;Illeso;0;;Non accertato;Inesploso
3098053;19;14/12/2016 18:00;Strada Urbana;VIA DEL PODERE FIUME;in prossimità;;del civico n.;10;;Veicolo in marcia contro veicolo fermo;Rettilineo;Una carreggiata a doppio senso;Asciutto;Asfaltata;Assente;Sereno;Normale;Buona;Sufficiente;0;0;0;2;12.40321;41.92563;-1;2;Autovettura privata;In marcia / fermata / arresto;Conducente;F;Illeso;0;;Non accertato;Inesploso
3098060;2;14/12/2016 08:30;Strada Urbana;VIALE DELLE BELLE ARTI;da specificare;;;;scalea Bruno Zevi;Ribaltamento senza urto contro ostacolo fisso;Rettilineo;Una carreggiata a doppio senso;Asciutto;Asfaltata;Verticale ed orizzontale;Sereno;Normale;Buona;Ore Diurne;0;0;0;4;12.47877;41.91852;-1;1;Motociclo a solo;In marcia / fermata / arresto;Conducente;M;Illeso;0;;;
3098060;2;14/12/2016 08:30;Strada Urbana;VIALE DELLE BELLE ARTI;da specificare;;;;scalea Bruno Zevi;Ribaltamento senza urto contro ostacolo fisso;Rettilineo;Una carreggiata a doppio senso;Asciutto;Asfaltata;Verticale ed orizzontale;Sereno;Normale;Buona;Ore Diurne;0;0;0;4;12.47877;41.91852;-1;2;Autovettura privata;In marcia / fermata / arresto;Conducente;M;Illeso;0;;;
3098060;2;14/12/2016 08:30;Strada Urbana;VIALE DELLE BELLE ARTI;da specificare;;;;scalea Bruno Zevi;Ribaltamento senza urto contro ostacolo fisso;Rettilineo;Una carreggiata a doppio senso;Asciutto;Asfaltata;Verticale ed orizzontale;Sereno;Normale;Buona;Ore Diurne;0;0;0;4;12.47877;41.91852;-1;2;Autovettura privata;In marcia / fermata / arresto;Passeggero;M;Illeso;0;;;
3098060;2;14/12/2016 08:30;Strada Urbana;VIALE DELLE BELLE ARTI;da specificare;;;;scalea Bruno Zevi;Ribaltamento senza urto contro ostacolo fisso;Rettilineo;Una carreggiata a doppio senso;Asciutto;Asfaltata;Verticale ed orizzontale;Sereno;Normale;Buona;Ore Diurne;0;0;0;4;12.47877;41.91852;-1;2;Autovettura privata;In marcia / fermata / arresto;Passeggero;M;Illeso;0;;;
3098077;2;14/12/2016 18:30;Strada Urbana;VIA GUIDUBALDO DEL MONTE;in corrispondenza;;del civico n.;45;;Veicolo in marcia contro veicolo in sosta;Rotatoria;Una carreggiata a senso unico di marcia;Asciutto;Asfaltata;Verticale ed orizzontale;Sereno;Normale;Buona;Sufficiente;0;0;0;1;12.47805;41.92833;-1;2;Autovettura privata;In marcia / fermata / arresto;Conducente;F;Illeso;0;;;
3098080;2;14/12/2016 22:10;Strada Urbana;VIA SALARIA;all'intersezione con;VIA DI VILLA ADA;VIA DI VILLA ADA;;;Scontro frontale/laterale DX fra veicoli in marcia;Intersezione stradale segnalata;Una carreggiata a doppio senso;Asciutto;Asfaltata;Verticale ed orizzontale;Sereno;Normale;Sufficiente;Sufficiente;0;0;0;4;12.50415;41.92501;-1;1;Autovettura privata;In marcia / fermata / arresto;Conducente;F;Illeso;0;;Non accertato;Inesploso
3098080;2;14/12/2016 22:10;Strada Urbana;VIA SALARIA;all'intersezione con;VIA DI VILLA ADA;VIA DI VILLA ADA;;;Scontro frontale/laterale DX fra veicoli in marcia;Intersezione stradale segnalata;Una carreggiata a doppio senso;Asciutto;Asfaltata;Verticale ed orizzontale;Sereno;Normale;Sufficiente;Sufficiente;0;0;0;4;12.50415;41.92501;-1;1;Autovettura privata;In marcia / fermata / arresto;Passeggero;F;Illeso;0;;Non accertato;Inesploso
3098080;2;14/12/2016 22:10;Strada Urbana;VIA SALARIA;all'intersezione con;VIA DI VILLA ADA;VIA DI VILLA ADA;;;Scontro frontale/laterale DX fra veicoli in marcia;Intersezione stradale segnalata;Una carreggiata a doppio senso;Asciutto;Asfaltata;Verticale ed orizzontale;Sereno;Normale;Sufficiente;Sufficiente;0;0;0;4;12.50415;41.92501;-1;2;Autovettura privata;In marcia / fermata / arresto;Conducente;M;Illeso;0;;Non accertato;Inesploso
3098080;2;14/12/2016 22:10;Strada Urbana;VIA SALARIA;all'intersezione con;VIA DI VILLA ADA;VIA DI VILLA ADA;;;Scontro frontale/laterale DX fra veicoli in marcia;Intersezione stradale segnalata;Una carreggiata a doppio senso;Asciutto;Asfaltata;Verticale ed orizzontale;Sereno;Normale;Sufficiente;Sufficiente;0;0;0;4;12.50415;41.92501;-1;2;Autovettura privata;In marcia / fermata / arresto;Passeggero;F;Illeso;0;;Non accertato;Inesploso
3098083;2;15/12/2016 00:20;Strada Urbana;CORSO DI FRANCIA;da specificare;;;;pross. Via Sassi di San Giuliano;Scontro laterale fra veicoli in marcia;Rettilineo;Due carreggiate;Asciutto;Asfaltata;Verticale ed orizzontale;Sereno;Normale;Buona;Ore Diurne;1;0;0;2;12.47214;41.93452;-1;1;Autovettura privata;In marcia / fermata / arresto;Conducente;F;Illeso;0;;;
3098083;2;15/12/2016 00:20;Strada Urbana;CORSO DI FRANCIA;da specificare;;;;pross. Via Sassi di San Giuliano;Scontro laterale fra veicoli in marcia;Rettilineo;Due carreggiate;Asciutto;Asfaltata;Verticale ed orizzontale;Sereno;Normale;Buona;Ore Diurne;1;0;0;2;12.47214;41.93452;-1;1;Autovettura privata;In marcia / fermata / arresto;Passeggero;M;Illeso;0;;;
3098083;2;15/12/2016 00:20;Strada Urbana;CORSO DI FRANCIA;da specificare;;;;pross. Via Sassi di San Giuliano;Scontro laterale fra veicoli in marcia;Rettilineo;Due carreggiate;Asciutto;Asfaltata;Verticale ed orizzontale;Sereno;Normale;Buona;Ore Diurne;1;0;0;2;12.47214;41.93452;-1;2;Autovettura privata;In marcia / fermata / arresto;Conducente;M;Rimandato;0;NON DECEDUTO;;
3098126;6;15/12/2016 10:20;Strada Urbana;VIALE DELLA VENEZIA GIULIA;all'intersezione con;VIA COLLATINA;VIA COLLATINA;;;Veicolo in marcia contro ostacolo accidentale;Incrocio;Una carreggiata a doppio senso;Viscido da liquidi oleosi;Asfaltata;Verticale ed orizzontale;Sereno;Normale;Buona;Ore Diurne;1;0;0;0;12.56261;41.89778;-1;1;Motociclo a solo;In marcia / fermata / arresto;Conducente;M;Rifiuta cure immediate;0;NON DECEDUTO;Non accertato;
3098170;12;15/12/2016 10:15;Strada Urbana;VIA ARTURO D'ASPRO;da specificare;;;;pross. Via di Tor Pagnotta;Scontro frontale/laterale SX fra veicoli in marcia;Rettilineo;Una carreggiata a doppio senso;Asciutto;Con buche;Verticale ed orizzontale;Sereno;Normale;Buona;Ore Diurne;0;0;0;3;12.48646;41.80224;-1;1;Autovettura privata;In marcia / fermata / arresto;Conducente;M;Illeso;0;;Utilizzato;Inesploso
3098170;12;15/12/2016 10:15;Strada Urbana;VIA ARTURO D'ASPRO;da specificare;;;;pross. Via di Tor Pagnotta;Scontro frontale/laterale SX fra veicoli in marcia;Rettilineo;Una carreggiata a doppio senso;Asciutto;Con buche;Verticale ed orizzontale;Sereno;Normale;Buona;Ore Diurne;0;0;0;3;12.48646;41.80224;-1;2;Autovettura privata;In marcia / fermata / arresto;Conducente;F;Illeso;0;;Utilizzato;Inesploso
3098170;12;15/12/2016 10:15;Strada Urbana;VIA ARTURO D'ASPRO;da specificare;;;;pross. Via di Tor Pagnotta;Scontro frontale/laterale SX fra veicoli in marcia;Rettilineo;Una carreggiata a doppio senso;Asciutto;Con buche;Verticale ed orizzontale;Sereno;Normale;Buona;Ore Diurne;0;0;0;3;12.48646;41.80224;-1;2;Autovettura privata;In marcia / fermata / arresto;Passeggero;F;Illeso;0;;Utilizzato;Inesploso
3098172;9;15/12/2016 10:05;Strada Urbana;PIAZZA DEI RE DI ROMA;all'intersezione con;VIA AOSTA;VIA AOSTA;;;Scontro laterale fra veicoli in marcia;Incrocio;Una carreggiata a senso unico di marcia;Asciutto;Asfaltata;Verticale ed orizzontale;Sereno;Normale;Buona;Ore Diurne;0;0;0;2;12.51437;41.88242;-1;1;Autocarro superiore 35 q.;In marcia / fermata / arresto;Conducente;M;Illeso;0;;Non accertato;Inesploso
3098172;9;15/12/2016 10:05;Strada Urbana;PIAZZA DEI RE DI ROMA;all'intersezione con;VIA AOSTA;VIA AOSTA;;;Scontro laterale fra veicoli in marcia;Incrocio;Una carreggiata a senso unico di marcia;Asciutto;Asfaltata;Verticale ed orizzontale;Sereno;Normale;Buona;Ore Diurne;0;0;0;2;12.51437;41.88242;-1;2;Autovettura privata;In marcia / fermata / arresto;Conducente;M;Illeso;0;;Non accertato;Inesploso
3098213;13;15/12/2016 02:00;Strada Urbana;VIA DI PRATO CORNELIO;da specificare;;;;altezza via A. Donghi;Veicolo in marcia contro ostacolo fisso;Rettilineo;Una carreggiata a doppio senso;Asciutto;Asfaltata;Verticale ed orizzontale;Nuvoloso;Scarso;Buona;Sufficiente;0;0;0;1;12.36255;41.77379;-1;1;Autovettura privata;In marcia / fermata / arresto;Conducente;M;Illeso;0;;Non accertato;Inesploso
3098227;10;15/12/2016 10:40;Strada Urbana;PIAZZA DEL QUADRARETTO;in prossimità;;del civico n.;11;;Scontro laterale fra veicoli in marcia;Rettilineo;Una carreggiata a senso unico di marcia;Asciutto;Asfaltata;Assente;Sereno;Normale;Buona;Ore Diurne;0;0;0;2;12.54754;41.8626;-1;1;Autovettura privata;In marcia / fermata / arresto;Conducente;F;Illeso;0;;Non accertato;Inesploso
3098227;10;15/12/2016 10:40;Strada Urbana;PIAZZA DEL QUADRARETTO;in prossimità;;del civico n.;11;;Scontro laterale fra veicoli in marcia;Rettilineo;Una carreggiata a senso unico di marcia;Asciutto;Asfaltata;Assente;Sereno;Normale;Buona;Ore Diurne;0;0;0;2;12.54754;41.8626;-1;2;Autocarro inferiore 35 q.;In marcia / fermata / arresto;Conducente;M;Illeso;0;;Non accertato;Inesploso
3098242;13;14/12/2016 10:20;Strada Urbana;VIA DELLE AZZORRE;all'intersezione con;VIA DELLE BALENIERE;VIA DELLE BALENIERE;;;Scontro frontale/laterale SX fra veicoli in marcia;Incrocio;Due carreggiate;Asciutto;Asfaltata;Assente;Sereno;Normale;Buona;Ore Diurne;1;0;0;2;12.2738;41.74134;-1;1;Autovettura privata;In marcia / fermata / arresto;Conducente;M;Illeso;0;;Non accertato;Inesploso
3098242;13;14/12/2016 10:20;Strada Urbana;VIA DELLE AZZORRE;all'intersezione con;VIA DELLE BALENIERE;VIA DELLE BALENIERE;;;Scontro frontale/laterale SX fra veicoli in marcia;Incrocio;Due carreggiate;Asciutto;Asfaltata;Assente;Sereno;Normale;Buona;Ore Diurne;1;0;0;2;12.2738;41.74134;-1;1;Autovettura privata;In marcia / fermata / arresto;Passeggero;M;Illeso;0;;Non accertato;Inesploso
3098242;13;14/12/2016 10:20;Strada Urbana;VIA DELLE AZZORRE;all'intersezione con;VIA DELLE BALENIERE;VIA DELLE BALENIERE;;;Scontro frontale/laterale SX fra veicoli in marcia;Incrocio;Due carreggiate;Asciutto;Asfaltata;Assente;Sereno;Normale;Buona;Ore Diurne;1;0;0;2;12.2738;41.74134;-1;2;Autovettura privata;In marcia / fermata / arresto;Conducente;F;Rimandato;0;NON DECEDUTO;Non accertato;Inesploso
3098293;16;14/12/2016 15:30;Strada Urbana;VIA ROMANO GUERRA;in corrispondenza;;del civico n.;58;;Tamponamento Multiplo;Rettilineo;Una carreggiata a doppio senso;Asciutto;Asfaltata;Orizzontale;Sereno;Normale;Buona;Ore Diurne;0;0;0;5;12.35111;41.88126;-1;1;Autovettura privata;In marcia / fermata / arresto;Conducente;F;Illeso;0;;Non accertato;
3098293;16;14/12/2016 15:30;Strada Urbana;VIA ROMANO GUERRA;in corrispondenza;;del civico n.;58;;Tamponamento Multiplo;Rettilineo;Una carreggiata a doppio senso;Asciutto;Asfaltata;Orizzontale;Sereno;Normale;Buona;Ore Diurne;0;0;0;5;12.35111;41.88126;-1;1;Autovettura privata;In marcia / fermata / arresto;Passeggero;M;Illeso;0;;Non accertato;
3098293;16;14/12/2016 15:30;Strada Urbana;VIA ROMANO GUERRA;in corrispondenza;;del civico n.;58;;Tamponamento Multiplo;Rettilineo;Una carreggiata a doppio senso;Asciutto;Asfaltata;Orizzontale;Sereno;Normale;Buona;Ore Diurne;0;0;0;5;12.35111;41.88126;-1;1;Autovettura privata;In marcia / fermata / arresto;Passeggero;M;Illeso;0;;Non accertato;
3098293;16;14/12/2016 15:30;Strada Urbana;VIA ROMANO GUERRA;in corrispondenza;;del civico n.;58;;Tamponamento Multiplo;Rettilineo;Una carreggiata a doppio senso;Asciutto;Asfaltata;Orizzontale;Sereno;Normale;Buona;Ore Diurne;0;0;0;5;12.35111;41.88126;-1;2;Autovettura privata;In marcia / fermata / arresto;Conducente;F;Illeso;0;;Non accertato;
3098293;16;14/12/2016 15:30;Strada Urbana;VIA ROMANO GUERRA;in corrispondenza;;del civico n.;58;;Tamponamento Multiplo;Rettilineo;Una carreggiata a doppio senso;Asciutto;Asfaltata;Orizzontale;Sereno;Normale;Buona;Ore Diurne;0;0;0;5;12.35111;41.88126;-1;3;Autovettura privata;In marcia / fermata / arresto;Conducente;F;Illeso;0;;Non accertato;
3098307;16;14/12/2016 15:30;Strada Urbana;VIA DEL CASALETTO;in prossimità;;del civico n.;443;;Veicolo in marcia contro ostacolo fisso;Rettilineo;Una carreggiata a doppio senso;Asciutto;Asfaltata;Assente;Sereno;Normale;Buona;Ore Diurne;0;0;0;1;12.4378;41.863;-1;1;Autovettura privata;In marcia / fermata / arresto;Conducente;M;Illeso;0;;Non accertato;Esploso
3098317;16;14/12/2016 12:30;Strada Urbana;VIA DI MONTE VERDE;all'intersezione con;VIA ETTORE VERNAZZA;VIA ETTORE VERNAZZA;;;Investimento di pedone;Intersezione non regolata/non segnalata;Una carreggiata a senso unico di marcia;Asciutto;Asfaltata;Orizzontale;Sereno;Normale;Buona;Ore Diurne;1;0;0;1;12.44918;41.87119;-1;;;;Pedone;F;Rimandato;0;NON DECEDUTO;;
3098317;16;14/12/2016 12:30;Strada Urbana;VIA DI MONTE VERDE;all'intersezione con;VIA ETTORE VERNAZZA;VIA ETTORE VERNAZZA;;;Investimento di pedone;Intersezione non regolata/non segnalata;Una carreggiata a senso unico di marcia;Asciutto;Asfaltata;Orizzontale;Sereno;Normale;Buona;Ore Diurne;1;0;0;1;12.44918;41.87119;-1;1;Autovettura privata;In marcia / fermata / arresto;Conducente;M;Illeso;0;;;
3098378;3;13/12/2016 12:15;Strada Urbana;VIALE DELLE PROVINCIE;da specificare;;;;in pross.tà di Viale Ippocrate;Infortunio per sola frenata improvvisa;Rettilineo;Una carreggiata a senso unico di marcia;Asciutto;Asfaltata;Verticale ed orizzontale;Sereno;Normale;Buona;Ore Diurne;1;0;0;2;12.52107;41.90926;-1;1;Autovettura pubblica;In marcia / fermata / arresto;Conducente;F;Illeso;0;;Non accertato;
3098378;3;13/12/2016 12:15;Strada Urbana;VIALE DELLE PROVINCIE;da specificare;;;;in pross.tà di Viale Ippocrate;Infortunio per sola frenata improvvisa;Rettilineo;Una carreggiata a senso unico di marcia;Asciutto;Asfaltata;Verticale ed orizzontale;Sereno;Normale;Buona;Ore Diurne;1;0;0;2;12.52107;41.90926;-1;1;Autovettura pubblica;In marcia / fermata / arresto;Passeggero;F;Illeso;0;;Non accertato;
3098378;3;13/12/2016 12:15;Strada Urbana;VIALE DELLE PROVINCIE;da specificare;;;;in pross.tà di Viale Ippocrate;Infortunio per sola frenata improvvisa;Rettilineo;Una carreggiata a senso unico di marcia;Asciutto;Asfaltata;Verticale ed orizzontale;Sereno;Normale;Buona;Ore Diurne;1;0;0;2;12.52107;41.90926;-1;2;Motociclo a solo;In marcia / fermata / arresto;Conducente;M;Rimandato;0;NON DECEDUTO;;
3098390;3;14/12/2016 00:20;Strada Urbana;VIALE DELLO SCALO S. LORENZO;in prossimità;;del civico n.;30;;Scontro laterale fra veicoli in marcia;Rettilineo;Più di due carreggiate;Asciutto;Asfaltata;Orizzontale;Sereno;Normale;Sufficiente;Sufficiente;0;0;0;4;12.51778;41.89477;-1;1;Autovettura privata;In marcia / fermata / arresto;Conducente;M;Illeso;0;;Non accertato;Inesploso