Protocollo;Gruppo;DataOraIncidente;Localizzazione1;STRADA1;Localizzazione2;STRADA2;Strada02;Chilometrica;DaSpecificare;NaturaIncidente;particolaritastrade;TipoStrada;FondoStradale;Pavimentazione;Segnaletica;CondizioneAtmosferica;Traffico;Visibilita;Illuminazione;NUM_FERITI;NUM_RISERVATA;NUM_MORTI;NUM_ILLESI;Longitudine;Latitudine;Confermato;Progressivo;TipoVeicolo;StatoVeicolo;TipoPersona;Sesso;Tipolesione;Deceduto;DecedutoDopo;CinturaCascoUtilizzato;Airbag
3100900;2;16/12/2016 14:45;Strada Urbana;VIA PIETRO MASCAGNI;da specificare;;;;fronte civ. 180;Investimento di pedone;Curva a visuale libera;Una carreggiata a doppio senso;Asciutto;Asfaltata;Verticale ed orizzontale;Sereno;Normale;Sufficiente;Ore Diurne;1;0;0;1;12.51954;41.93594;-1;;;;Pedone;M;Rimandato;0;NON DECEDUTO;;
3100900;2;16/12/2016 14:45;Strada Urbana;VIA PIETRO MASCAGNI;da specificare;;;;fronte civ. 180;Investimento di pedone;Curva a visuale libera;Una carreggiata a doppio senso;Asciutto;Asfaltata;Verticale ed orizzontale;Sereno;Normale;Sufficiente;Ore Diurne;1;0;0;1;12.51954;41.93594;-1;1;Autovettura privata;In marcia / fermata / arresto;Conducente;F;Illeso;0;;;
3100906;1;14/12/2016 22:30;Strada Urbana;LUNGOTEVERE IN AUGUSTA;all'intersezione semaforizzata con;PONTE CAVOUR;PONTE CAVOUR;;;Scontro laterale fra veicoli in marcia;Incrocio;Una carreggiata a senso unico di marcia;Asciutto;Asfaltata;Verticale ed orizzontale;Sereno;Normale;Sufficiente;Sufficiente;0;0;0;3;12.47477;41.9076;-1;1;Autovettura privata;In marcia / fermata / arresto;Conducente;M;Illeso;0;;Non accertato;
3100906;1;14/12/2016 22:30;Strada Urbana;LUNGOTEVERE IN AUGUSTA;all'intersezione semaforizzata con;PONTE CAVOUR;PONTE CAVOUR;;;Scontro laterale fra veicoli in marcia;Incrocio;Una carreggiata a senso unico di marcia;Asciutto;Asfaltata;Verticale ed orizzontale;Sereno;Normale;Sufficiente;Sufficiente;0;0;0;3;12.47477;41.9076;-1;2;Autovettura privata;In marcia / fermata / arresto;Conducente;F;Illeso;0;;Non accertato;
3100906;1;14/12/2016 22:30;Strada Urbana;LUNGOTEVERE IN AUGUSTA;all'intersezione semaforizzata con;PONTE CAVOUR;PONTE CAVOUR;;;Scontro laterale fra veicoli in marcia;Incrocio;Una carreggiata a senso unico di marcia;Asciutto;Asfaltata;Verticale ed orizzontale;Sereno;Normale;Sufficiente;Sufficiente;0;0;0;3;12.47477;41.9076;-1;2;Autovettura privata;In marcia / fermata / arresto;Passeggero;M;Illeso;0;;Non accertato;
3100925;20;16/12/2016 14:20;Strada Urbana;VIA DEI DUE PONTI;all'intersezione con;VIA SIGNA;VIA SIGNA;;;Scontro frontale/laterale DX fra veicoli in marcia;Incrocio;Una carreggiata a doppio senso;Asciutto;Asfaltata;Verticale ed orizzontale;Sereno;Normale;Buona;Ore Diurne;0;0;0;2;12.45424;41.96494;-1;1;Quadriciclo leggero;In marcia / fermata / arresto;Conducente;F;Illeso;0;;;
3100925;20;16/12/2016 14:20;Strada Urbana;VIA DEI DUE PONTI;all'intersezione con;VIA SIGNA;VIA SIGNA;;;Scontro frontale/laterale DX fra veicoli in marcia;Incrocio;Una carreggiata a doppio senso;Asciutto;Asfaltata;Verticale ed orizzontale;Sereno;Normale;Buona;Ore Diurne;0;0;0;2;12.45424;41.96494;-1;2;Autovettura privata;In marcia / fermata / arresto;Conducente;M;Illeso;0;;Non accertato;
3100957;23;16/12/2016 18:00;Comunale extraurbana;VIA CRISTOFORO COLOMBO;da specificare;;;;altezza via democrito;Scontro laterale fra veicoli in marcia;Rettilineo;Più di due carreggiate;Asciutto;Asfaltata;Verticale ed orizzontale;Sereno;Normale;Buona;Sufficiente;0;0;0;2;12.32011;43.15759;-1;1;Autovettura privata;In marcia / fermata / arresto;Conducente;M;Illeso;0;;Utilizzato;Inesploso
3100957;23;16/12/2016 18:00;Comunale extraurbana;VIA CRISTOFORO COLOMBO;da specificare;;;;altezza via democrito;Scontro laterale fra veicoli in marcia;Rettilineo;Più di due carreggiate;Asciutto;Asfaltata;Verticale ed orizzontale;Sereno;Normale;Buona;Sufficiente;0;0;0;2;12.32011;43.15759;-1;2;Autovettura privata;In marcia / fermata / arresto;Conducente;F;Illeso;0;;Non accertato;Inesploso
3100965;1;14/12/2016 19:30;Strada Urbana;VIA DEL CORSO;all'intersezione con;VIA DEI SABINI;VIA DEI SABINI;;;Scontro frontale/laterale SX fra veicoli in marcia;Incrocio;Una carreggiata a doppio senso;Asciutto;Asfaltata;Verticale ed orizzontale;Sereno;Scarso;Sufficiente;Sufficiente;0;0;0;2;12.48225;41.8967;-1;1;Autovettura pubblica;In marcia / fermata / arresto;Conducente;M;Illeso;0;;Non accertato;
3100965;1;14/12/2016 19:30;Strada Urbana;VIA DEL CORSO;all'intersezione con;VIA DEI SABINI;VIA DEI SABINI;;;Scontro frontale/laterale SX fra veicoli in marcia;Incrocio;Una carreggiata a doppio senso;Asciutto;Asfaltata;Verticale ed orizzontale;Sereno;Scarso;Sufficiente;Sufficiente;0;0;0;2;12.48225;41.8967;-1;2;Autovettura di polizia;In marcia / fermata / arresto;Conducente;M;Illeso;0;;Non accertato;
3100968;7;17/12/2016 10:30;Strada Urbana;VIA CASILINA;all'intersezione semaforizzata con;VIA TOR DE' SCHIAVI;VIA TOR DE' SCHIAVI;;;Tamponamento;Incrocio;Due carreggiate;Asciutto;Asfaltata;Verticale ed orizzontale;Sereno;Normale;Buona;Ore Diurne;0;0;0;3;12.56444;41.87498;-1;1;Autovettura privata;In marcia / fermata / arresto;Conducente;F;Illeso;0;;Non accertato;Inesploso
3100968;7;17/12/2016 10:30;Strada Urbana;VIA CASILINA;all'intersezione semaforizzata con;VIA TOR DE' SCHIAVI;VIA TOR DE' SCHIAVI;;;Tamponamento;Incrocio;Due carreggiate;Asciutto;Asfaltata;Verticale ed orizzontale;Sereno;Normale;Buona;Ore Diurne;0;0;0;3;12.56444;41.87498;-1;1;Autovettura privata;In marcia / fermata / arresto;Passeggero;M;Illeso;0;;Non accertato;Inesploso
3100968;7;17/12/2016 10:30;Strada Urbana;VIA CASILINA;all'intersezione semaforizzata con;VIA TOR DE' SCHIAVI;VIA TOR DE' SCHIAVI;;;Tamponamento;Incrocio;Due carreggiate;Asciutto;Asfaltata;Verticale ed orizzontale;Sereno;Normale;Buona;Ore Diurne;0;0;0;3;12.56444;41.87498;-1;2;Autovettura privata;In marcia / fermata / arresto;Conducente;M;Illeso;0;;Non accertato;Inesploso
3101052;20;16/12/2016 14:45;Strada Urbana;VIA FLAMINIA NUOVA;all'intersezione con;VIA ANTONIO DE VITI DE MARCO;VIA ANTONIO DE VITI DE MARCO;;;Scontro laterale fra veicoli in marcia;Intersezione semaforizzata;Due carreggiate;Asciutto;Asfaltata;Verticale ed orizzontale;Sereno;Intenso;Buona;Ore Diurne;0;0;0;4;12.47014;41.94896;-1;1;Autovettura privata;In marcia / fermata / arresto;Conducente;M;Illeso;0;;;
3101052;20;16/12/2016 14:45;Strada Urbana;VIA FLAMINIA NUOVA;all'intersezione con;VIA ANTONIO DE VITI DE MARCO;VIA ANTONIO DE VITI DE MARCO;;;Scontro laterale fra veicoli in marcia;Intersezione semaforizzata;Due carreggiate;Asciutto;Asfaltata;Verticale ed orizzontale;Sereno;Intenso;Buona;Ore Diurne;0;0;0;4;12.47014;41.94896;-1;1;Autovettura privata;In marcia / fermata / arresto;Passeggero;M;Illeso;0;;;
3101052;20;16/12/2016 14:45;Strada Urbana;VIA FLAMINIA NUOVA;all'intersezione con;VIA ANTONIO DE VITI DE MARCO;VIA ANTONIO DE VITI DE MARCO;;;Scontro laterale fra veicoli in marcia;Intersezione semaforizzata;Due carreggiate;Asciutto;Asfaltata;Verticale ed orizzontale;Sereno;Intenso;Buona;Ore Diurne;0;0;0;4;12.47014;41.94896;-1;1;Autovettura privata;In marcia / fermata / arresto;Passeggero;F;Illeso;0;;;
3101052;20;16/12/2016 14:45;Strada Urbana;VIA FLAMINIA NUOVA;all'intersezione con;VIA ANTONIO DE VITI DE MARCO;VIA ANTONIO DE VITI DE MARCO;;;Scontro laterale fra veicoli in marcia;Intersezione semaforizzata;Due carreggiate;Asciutto;Asfaltata;Verticale ed orizzontale;Sereno;Intenso;Buona;Ore Diurne;0;0;0;4;12.47014;41.94896;-1;2;Autovettura privata;In marcia / fermata / arresto;Conducente;M;Illeso;0;;;
3101132;17;16/12/2016 13:00;Strada Urbana;VIA RAFFAELE ROSSETTI;in prossimità;;del civico n.;16;;Veicolo in marcia contro veicolo in sosta;Rettilineo;Una carreggiata a doppio senso;Asciutto;Asfaltata;Verticale ed orizzontale;Sereno;Intenso;Buona;Ore Diurne;0;0;0;2;12.45068;41.91471;-1;1;Autovettura privata;In marcia / fermata / arresto;Conducente;M;Illeso;0;;;
3101132;17;16/12/2016 13:00;Strada Urbana;VIA RAFFAELE ROSSETTI;in prossimità;;del civico n.;16;;Veicolo in marcia contro veicolo in sosta;Rettilineo;Una carreggiata a doppio senso;Asciutto;Asfaltata;Verticale ed orizzontale;Sereno;Intenso;Buona;Ore Diurne;0;0;0;2;12.45068;41.91471;-1;2;Autovettura privata;Sosta;Passeggero;F;Illeso;0;;;
3101134;17;16/12/2016 18:15;Strada Urbana;VIA ATTILIO REGOLO;all'intersezione con;VIA DEI GRACCHI;VIA DEI GRACCHI;;;Scontro frontale/laterale SX fra veicoli in marcia;Incrocio;Una carreggiata a senso unico di marcia;Asciutto;Asfaltata;Verticale ed orizzontale;Sereno;Intenso;Sufficiente;Sufficiente;1;0;0;2;12.46483;41.90859;-1;1;Autovettura privata;In marcia / fermata / arresto;Conducente;M;Illeso;0;;Non accertato;
3101134;17;16/12/2016 18:15;Strada Urbana;VIA ATTILIO REGOLO;all'intersezione con;VIA DEI GRACCHI;VIA DEI GRACCHI;;;Scontro frontale/laterale SX fra veicoli in marcia;Incrocio;Una carreggiata a senso unico di marcia;Asciutto;Asfaltata;Verticale ed orizzontale;Sereno;Intenso;Sufficiente;Sufficiente;1;0;0;2;12.46483;41.90859;-1;2;Motociclo con passeggero;In marcia / fermata / arresto;Conducente;M;Rimandato;0;NON DECEDUTO;Non accertato;
3101134;17;16/12/2016 18:15;Strada Urbana;VIA ATTILIO REGOLO;all'intersezione con;VIA DEI GRACCHI;VIA DEI GRACCHI;;;Scontro frontale/laterale SX fra veicoli in marcia;Incrocio;Una carreggiata a senso unico di marcia;Asciutto;Asfaltata;Verticale ed orizzontale;Sereno;Intenso;Sufficiente;Sufficiente;1;0;0;2;12.46483;41.90859;-1;2;Motociclo con passeggero;In marcia / fermata / arresto;Passeggero;F;Illeso;0;;Non accertato;
3101135;17;16/12/2016 21:00;Strada Urbana;PONTE REGINA MARGHERITA;all'intersezione semaforizzata con;LUNGOTEVERE IN AUGUSTA;LUNGOTEVERE IN AUGUSTA;;;Scontro frontale fra veicoli in marcia;Incrocio;Una carreggiata a doppio senso;Asciutto;Asfaltata;Verticale ed orizzontale;Nuvoloso;Normale;Sufficiente;Sufficiente;0;0;0;2;12.47284;41.90985;-1;1;Autovettura privata;In marcia / fermata / arresto;Conducente;F;Illeso;0;;;
3101135;17;16/12/2016 21:00;Strada Urbana;PONTE REGINA MARGHERITA;all'intersezione semaforizzata con;LUNGOTEVERE IN AUGUSTA;LUNGOTEVERE IN AUGUSTA;;;Scontro frontale fra veicoli in marcia;Incrocio;Una carreggiata a doppio senso;Asciutto;Asfaltata;Verticale ed orizzontale;Nuvoloso;Normale;Sufficiente;Sufficiente;0;0;0;2;12.47284;41.90985;-1;2;Motociclo a solo;In marcia / fermata / arresto;Conducente;M;Illeso;0;;;
3101138;17;16/12/2016 22:40;Strada Urbana;PIAZZA CAVOUR;in corrispondenza;;del civico n.;22;;Veicolo in marcia contro veicolo in sosta;Rettilineo;Una carreggiata a doppio senso;Asciutto;Acciotolata;Verticale ed orizzontale;Sereno;Scarso;Sufficiente;Sufficiente;0;0;0;1;12.46981;41.90594;-1;2;Quadriciclo leggero;In marcia / fermata / arresto;Conducente;M;Illeso;0;;Non accertato;
3101143;17;16/12/2016 23:20;Strada Urbana;VIALE GIUSEPPE MAZZINI;all'intersezione con;VIALE ANGELICO;VIALE ANGELICO;;;Scontro frontale/laterale SX fra veicoli in marcia;Incrocio;Due carreggiate;Asciutto;Asfaltata;Verticale ed orizzontale;Sereno;Scarso;Sufficiente;Sufficiente;0;0;0;2;12.45849;41.9154;-1;1;Autovettura di polizia;In marcia / fermata / arresto;Conducente;M;Illeso;0;;Non accertato;
3101143;17;16/12/2016 23:20;Strada Urbana;VIALE GIUSEPPE MAZZINI;all'intersezione con;VIALE ANGELICO;VIALE ANGELICO;;;Scontro frontale/laterale SX fra veicoli in marcia;Incrocio;Due carreggiate;Asciutto;Asfaltata;Verticale ed orizzontale;Sereno;Scarso;Sufficiente;Sufficiente;0;0;0;2;12.45849;41.9154;-1;2;Autovettura privata;In marcia / fermata / arresto;Conducente;M;Illeso;0;;Non accertato;
3101146;17;17/12/2016 09:40;Strada Urbana;PIAZZA BAINSIZZA;in corrispondenza;;del civico n.;6;;Investimento di pedone;Rotatoria;Una carreggiata a senso unico di marcia;Asciutto;Asfaltata;Verticale ed orizzontale;Sereno;Scarso;Buona;Ore Diurne;1;0;0;1;12.46159;41.91956;-1;;;;Pedone;F;Rimandato;0;NON DECEDUTO;;
3101146;17;17/12/2016 09:40;Strada Urbana;PIAZZA BAINSIZZA;in corrispondenza;;del civico n.;6;;Investimento di pedone;Rotatoria;Una carreggiata a senso unico di marcia;Asciutto;Asfaltata;Verticale ed orizzontale;Sereno;Scarso;Buona;Ore Diurne;1;0;0;1;12.46159;41.91956;-1;1;Autovettura privata;In marcia / fermata / arresto;Conducente;M;Illeso;0;;Non accertato;
3101152;17;17/12/2016 07:40;Strada Urbana;VIA MONTE ZEBIO;in corrispondenza;;del civico n.;38;;Veicolo in marcia contro veicoli in sosta;Rettilineo;Due carreggiate;Asciutto;Asfaltata;Verticale ed orizzontale;Sereno;Scarso;Buona;Ore Diurne;0;0;0;2;12.46646;41.92002;-1;1;Autovettura privata;In marcia / fermata / arresto;Conducente;F;Illeso;0;;;
3101152;17;17/12/2016 07:40;Strada Urbana;VIA MONTE ZEBIO;in corrispondenza;;del civico n.;38;;Veicolo in marcia contro veicoli in sosta;Rettilineo;Due carreggiate;Asciutto;Asfaltata;Verticale ed orizzontale;Sereno;Scarso;Buona;Ore Diurne;0;0;0;2;12.46646;41.92002;-1;2;Autovettura privata;In marcia / fermata / arresto;Conducente;F;Illeso;0;;;
3101410;15;17/12/2016 11:00;Strada Urbana;VIA ORANI;da specificare;;;;PROSSIMITA' FRONTE CIVICO 14;Veicolo in marcia contro veicolo in sosta;Rettilineo;Una carreggiata a doppio senso;Asciutto;Asfaltata;Assente;Sereno;Scarso;Buona;Ore Diurne;0;0;0;1;12.35276;41.83893;-1;1;Autovettura privata;In marcia / fermata / arresto;Conducente;M;Illeso;0;;;
3101448;15;17/12/2016 14:20;Strada Urbana;VIA DI VIGNA PIA;all'intersezione con;VIA LEONARDO GREPPI;VIA LEONARDO GREPPI;;;Scontro frontale/laterale DX fra veicoli in marcia;Incrocio;Una carreggiata a doppio senso;Asciutto;Asfaltata;Verticale ed orizzontale;Sereno;Scarso;Buona;Ore Diurne;0;0;0;2;12.45889;41.86281;-1;1;Autovettura privata;In marcia / fermata / arresto;Conducente;M;Illeso;0;;;
3101448;15;17/12/2016 14:20;Strada Urbana;VIA DI VIGNA PIA;all'intersezione con;VIA LEONARDO GREPPI;VIA LEONARDO GREPPI;;;Scontro frontale/laterale DX fra veicoli in marcia;Incrocio;Una carreggiata a doppio senso;Asciutto;Asfaltata;Verticale ed orizzontale;Sereno;Scarso;Buona;Ore Diurne;0;0;0;2;12.45889;41.86281;-1;2;Autovettura privata;In marcia / fermata / arresto;Conducente;F;Illeso;0;;;
3101569;17;17/12/2016 17:10;Strada Urbana;PIAZZA DEI QUIRITI;in corrispondenza;;del civico n.;1;;Tamponamento;Rotatoria;Una carreggiata a senso unico di marcia;Asciutto;Asfaltata;Verticale ed orizzontale;Sereno;Normale;Sufficiente;Sufficiente;0;0;0;3;12.46408;41.90903;-1;1;Autovettura privata;In marcia / fermata / arresto;Conducente;M;Illeso;0;;;
3101569;17;17/12/2016 17:10;Strada Urbana;PIAZZA DEI QUIRITI;in corrispondenza;;del civico n.;1;;Tamponamento;Rotatoria;Una carreggiata a senso unico di marcia;Asciutto;Asfaltata;Verticale ed orizzontale;Sereno;Normale;Sufficiente;Sufficiente;0;0;0;3;12.46408;41.90903;-1;1;Autovettura privata;In marcia / fermata / arresto;Passeggero;F;Illeso;0;;;
3101569;17;17/12/2016 17:10;Strada Urbana;PIAZZA DEI QUIRITI;in corrispondenza;;del civico n.;1;;Tamponamento;Rotatoria;Una carreggiata a senso unico di marcia;Asciutto;Asfaltata;Verticale ed orizzontale;Sereno;Normale;Sufficiente;Sufficiente;0;0;0;3;12.46408;41.90903;-1;2;Autovettura privata;In marcia / fermata / arresto;Conducente;M;Illeso;0;;;
3101634;6;17/12/2016 11:30;Strada Urbana;VIA ERASMO GATTAMELATA;in corrispondenza;;del civico n.;150;;Veicolo in marcia contro veicolo in sosta;Rettilineo;Una carreggiata a senso unico di marcia;Asciutto;Asfaltata;Assente;Sereno;Normale;Buona;Ore Diurne;0;0;0;1;12.53645;41.88717;-1;1;Autocarro inferiore 35 q.;In marcia / fermata / arresto;Conducente;M;Illeso;0;;Non accertato;
3101644;6;16/12/2016 14:30;Strada Urbana;VIALE DELLA SERENISSIMA;all'intersezione con;VIA CHERSO;VIA CHERSO;;;Tamponamento;Incrocio;Più di due carreggiate;Asciutto;Asfaltata;Orizzontale;Sereno;Intenso;Buona;Ore Diurne;0;0;0;2;12.55884;41.8958;-1;1;Autovettura privata;In marcia / fermata / arresto;Conducente;F;Illeso;0;;;
3101644;6;16/12/2016 14:30;Strada Urbana;VIALE DELLA SERENISSIMA;all'intersezione con;VIA CHERSO;VIA CHERSO;;;Tamponamento;Incrocio;Più di due carreggiate;Asciutto;Asfaltata;Orizzontale;Sereno;Intenso;Buona;Ore Diurne;0;0;0;2;12.55884;41.8958;-1;2;Autocarro inferiore 35 q.;In marcia / fermata / arresto;Conducente;M;Illeso;0;;;
3101786;9;16/12/2016 16:40;Strada Urbana;VIA APPIA NUOVA;in prossimità;;del civico n.;439;;Veicolo in marcia contro veicolo fermo;Rettilineo;Due carreggiate;Asciutto;Asfaltata;Verticale ed orizzontale;Sereno;Normale;Buona;Ore Diurne;0;0;0;2;12.52475;41.87359;-1;1;Autovettura privata;In marcia / fermata / arresto;Conducente;F;Illeso;0;;Non accertato;Inesploso
3101786;9;16/12/2016 16:40;Strada Urbana;VIA APPIA NUOVA;in prossimità;;del civico n.;439;;Veicolo in marcia contro veicolo fermo;Rettilineo;Due carreggiate;Asciutto;Asfaltata;Verticale ed orizzontale;Sereno;Normale;Buona;Ore Diurne;0;0;0;2;12.52475;41.87359;-1;2;Autovettura privata;In marcia / fermata / arresto;Conducente;M;Illeso;0;;Non accertato;Inesploso
3101788;9;16/12/2016 18:25;Strada Urbana;VIA ROCCA PRIORA;all'intersezione con;VIA MARINO LAZIALE;VIA MARINO LAZIALE;;;Scontro laterale fra veicoli in marcia;Incrocio;Una carreggiata a doppio senso;Asciutto;Asfaltata;Assente;Sereno;Normale;Buona;Sufficiente;0;0;0;2;12.53141;41.87113;-1;1;Autovettura privata;In marcia / fermata / arresto;Conducente;M;Illeso;0;;Non accertato;Inesploso
3101788;9;16/12/2016 18:25;Strada Urbana;VIA ROCCA PRIORA;all'intersezione con;VIA MARINO LAZIALE;VIA MARINO LAZIALE;;;Scontro laterale fra veicoli in marcia;Incrocio;Una carreggiata a doppio senso;Asciutto;Asfaltata;Assente;Sereno;Normale;Buona;Sufficiente;0;0;0;2;12.53141;41.87113;-1;2;Motociclo a solo;In marcia / fermata / arresto;Conducente;M;Illeso;0;;Non accertato;
3101789;9;17/12/2016 15:30;Strada Urbana;VIA LATINA;all'intersezione con;LARGO NICOMEDE BIANCHI;LARGO NICOMEDE BIANCHI;;;Scontro laterale fra veicoli in marcia;Intersezione stradale segnalata;Una carreggiata a senso unico di marcia;Asciutto;Asfaltata;Verticale ed orizzontale;Sereno;Normale;Sufficiente;Ore Diurne;0;0;0;2;12.5297;41.86492;-1;1;Autocarro inferiore 35 q.;In marcia / fermata / arresto;Conducente;M;Illeso;0;;Non accertato;Inesploso
3101789;9;17/12/2016 15:30;Strada Urbana;VIA LATINA;all'intersezione con;LARGO NICOMEDE BIANCHI;LARGO NICOMEDE BIANCHI;;;Scontro laterale fra veicoli in marcia;Intersezione stradale segnalata;Una carreggiata a senso unico di marcia;Asciutto;Asfaltata;Verticale ed orizzontale;Sereno;Normale;Sufficiente;Ore Diurne;0;0;0;2;12.5297;41.86492;-1;2;Autovettura privata;In marcia / fermata / arresto;Conducente;M;Illeso;0;;Non accertato;Inesploso
3101790;9;18/12/2016 03:05;Strada Urbana;VIA ROCCA DI PAPA;all'intersezione con;VIA ACQUA DONZELLA;VIA ACQUA DONZELLA;;;Scontro frontale/laterale SX fra veicoli in marcia;Incrocio;Una carreggiata a doppio senso;Asciutto;Asfaltata;Verticale ed orizzontale;Sereno;Scarso;Sufficiente;Sufficiente;1;0;0;3;12.53405;41.86846;-1;1;Autovettura privata;In marcia / fermata / arresto;Conducente;F;Illeso;0;;Non accertato;Inesploso
3101790;9;18/12/2016 03:05;Strada Urbana;VIA ROCCA DI PAPA;all'intersezione con;VIA ACQUA DONZELLA;VIA ACQUA DONZELLA;;;Scontro frontale/laterale SX fra veicoli in marcia;Incrocio;Una carreggiata a doppio senso;Asciutto;Asfaltata;Verticale ed orizzontale;Sereno;Scarso;Sufficiente;Sufficiente;1;0;0;3;12.53405;41.86846;-1;2;Autovettura privata;In marcia / fermata / arresto;Conducente;F;Illeso;0;;Non accertato;Inesploso
3101790;9;18/12/2016 03:05;Strada Urbana;VIA ROCCA DI PAPA;all'intersezione con;VIA ACQUA DONZELLA;VIA ACQUA DONZELLA;;;Scontro frontale/laterale SX fra veicoli in marcia;Incrocio;Una carreggiata a doppio senso;Asciutto;Asfaltata;Verticale ed orizzontale;Sereno;Scarso;Sufficiente;Sufficiente;1;0;0;3;12.53405;41.86846;-1;2;Autovettura privata;In marcia / fermata / arresto;Passeggero;F;Illeso;0;;Non accertato;Inesploso
3101790;9;18/12/2016 03:05;Strada Urbana;VIA ROCCA DI PAPA;all'intersezione con;VIA ACQUA DONZELLA;VIA ACQUA DONZELLA;;;Scontro frontale/laterale SX fra veicoli in marcia;Incrocio;Una carreggiata a doppio senso;Asciutto;Asfaltata;Verticale ed orizzontale;Sereno;Scarso;Sufficiente;Sufficiente;1;0;0;3;12.53405;41.86846;-1;2;Autovettura privata;In marcia / fermata / arresto;Passeggero;F;Rimandato;0;NON DECEDUTO;Non accertato;Inesploso
3101830;13;17/12/2016 10:15;Strada Urbana;VIA OSTIENSE;da specificare;;;;prossimitò via di Ponte Ladrone;Tamponamento Multiplo;Rettilineo;Una carreggiata a doppio senso;Asciutto;Asfaltata;Verticale ed orizzontale;Sereno;Normale;Buona;Ore Diurne;0;0;0;3;12.42161;41.80982;-1;1;Autovettura privata;In marcia / fermata / arresto;Conducente;M;Illeso;0;;Non accertato;Inesploso
3101830;13;17/12/2016 10:15;Strada Urbana;VIA OSTIENSE;da specificare;;;;prossimitò via di Ponte Ladrone;Tamponamento Multiplo;Rettilineo;Una carreggiata a doppio senso;Asciutto;Asfaltata;Verticale ed orizzontale;Sereno;Normale;Buona;Ore Diurne;0;0;0;3;12.42161;41.80982;-1;2;Autovettura privata;In marcia / fermata / arresto;Conducente;F;Illeso;0;;Non accertato;Inesploso
3101830;13;17/12/2016 10:15;Strada Urbana;VIA OSTIENSE;da specificare;;;;prossimitò via di Ponte Ladrone;Tamponamento Multiplo;Rettilineo;Una carreggiata a doppio senso;Asciutto;Asfaltata;Verticale ed orizzontale;Sereno;Normale;Buona;Ore Diurne;0;0;0;3;12.42161;41.80982;-1;3;Autovettura privata;In marcia / fermata / arresto;Conducente;M;Illeso;0;;Non accertato;Inesploso
3101863;13;18/12/2016 00:30;Strada Urbana;VIA ISOLE DEL CAPO VERDE;da specificare;;;;altezza via dei Velieri;Scontro laterale fra veicoli in marcia;Rettilineo;Due carreggiate;Asciutto;Asfaltata;Assente;Sereno;Scarso;Buona;Sufficiente;0;0;0;5;12.27388;41.73787;-1;1;Autovettura privata;In marcia / fermata / arresto;Conducente;M;Illeso;0;;Non accertato;Inesploso
3101863;13;18/12/2016 00:30;Strada Urbana;VIA ISOLE DEL CAPO VERDE;da specificare;;;;altezza via dei Velieri;Scontro laterale fra veicoli in marcia;Rettilineo;Due carreggiate;Asciutto;Asfaltata;Assente;Sereno;Scarso;Buona;Sufficiente;0;0;0;5;12.27388;41.73787;-1;1;Autovettura privata;In marcia / fermata / arresto;Passeggero;F;Illeso;0;;Non accertato;
3101863;13;18/12/2016 00:30;Strada Urbana;VIA ISOLE DEL CAPO VERDE;da specificare;;;;altezza via dei Velieri;Scontro laterale fra veicoli in marcia;Rettilineo;Due carreggiate;Asciutto;Asfaltata;Assente;Sereno;Scarso;Buona;Sufficiente;0;0;0;5;12.27388;41.73787;-1;2;Autovettura privata;In marcia / fermata / arresto;Conducente;M;Illeso;0;;Non accertato;Inesploso
3101863;13;18/12/2016 00:30;Strada Urbana;VIA ISOLE DEL CAPO VERDE;da specificare;;;;altezza via dei Velieri;Scontro laterale fra veicoli in marcia;Rettilineo;Due carreggiate;Asciutto;Asfaltata;Assente;Sereno;Scarso;Buona;Sufficiente;0;0;0;5;12.27388;41.73787;-1;2;Autovettura privata;In marcia / fermata / arresto;Passeggero;M;Illeso;0;;Non accertato;Inesploso
3101863;13;18/12/2016 00:30;Strada Urbana;VIA ISOLE DEL CAPO VERDE;da specificare;;;;altezza via dei Velieri;Scontro laterale fra veicoli in marcia;Rettilineo;Due carreggiate;Asciutto;Asfaltata;Assente;Sereno;Scarso;Buona;Sufficiente;0;0;0;5;12.27388;41.73787;-1;2;Autovettura privata;In marcia / fermata / arresto;Passeggero;M;Illeso;0;;Non accertato;Inesploso
3101882;13;18/12/2016;Strada Urbana;VIA DI PONTE LADRONE;da specificare;;;;altezza parcheggio metro Casal Bernocchi;Veicolo in marcia contro ostacolo fisso;Rettilineo;Una carreggiata a doppio senso;Asciutto;Strada pavimentata dissestata;Verticale;Sereno;Intenso;Buona;Sufficiente;0;0;0;1;12.3783;41.78552;-1;1;Autovettura privata;In marcia / fermata / arresto;Conducente;M;Illeso;0;;Non accertato;Esploso
3101943;10;16/12/2016 10:30;Strada Urbana;VIA DI TORRENOVA;all'intersezione semaforizzata con;VIA DI PASSOLOMBARDO;VIA DI PASSOLOMBARDO;;;Scontro laterale fra veicoli in marcia;Intersezione semaforizzata;Una carreggiata a senso unico di marcia;Bagnato (pioggia);Asfaltata;Verticale ed orizzontale;Sereno;Normale;Buona;Ore Diurne;0;0;0;2;12.63026;41.84324;-1;1;Autovettura privata;In marcia / fermata / arresto;Conducente;M;Illeso;0;;Non accertato;Inesploso
3101943;10;16/12/2016 10:30;Strada Urbana;VIA DI TORRENOVA;all'intersezione semaforizzata con;VIA DI PASSOLOMBARDO;VIA DI PASSOLOMBARDO;;;Scontro laterale fra veicoli in marcia;Intersezione semaforizzata;Una carreggiata a senso unico di marcia;Bagnato (pioggia);Asfaltata;Verticale ed orizzontale;Sereno;Normale;Buona;Ore Diurne;0;0;0;2;12.63026;41.84324;-1;2;Autocarro inferiore 35 q.;In marcia / fermata / arresto;Conducente;M;Illeso;0;;Non accertato;Inesistente