Protocollo;Gruppo;DataOraIncidente;Localizzazione1;STRADA1;Localizzazione2;STRADA2;Strada02;Chilometrica;DaSpecificare;NaturaIncidente;particolaritastrade;TipoStrada;FondoStradale;Pavimentazione;Segnaletica;CondizioneAtmosferica;Traffico;Visibilita;Illuminazione;NUM_FERITI;NUM_RISERVATA;NUM_MORTI;NUM_ILLESI;Longitudine;Latitudine;Confermato;Progressivo;TipoVeicolo;StatoVeicolo;TipoPersona;Sesso;Tipolesione;Deceduto;DecedutoDopo;CinturaCascoUtilizzato;Airbag
3106764;3;20/12/2016 13:30;Strada Urbana;VIA GIOVANNI MINGAZZINI;all'intersezione con;VIA PAVIA;VIA PAVIA;;;Infortunio per sola frenata improvvisa;Incrocio;Una carreggiata a doppio senso;Sdrucciolevole (sabbia);Asfaltata;Verticale ed orizzontale;Nuvoloso;Scarso;Buona;Ore Diurne;0;0;0;1;12.51726;41.90746;-1;1;Motociclo a solo;In marcia / fermata / arresto;Conducente;M;Illeso;0;;Non accertato;
3106777;3;20/12/2016 16:00;Strada Urbana;PIAZZA ORAZIO MARUCCHI;da specificare;;;;fronte civico 4b;Infortunio per sola frenata improvvisa;Rettilineo;Una carreggiata a senso unico di marcia;Bagnato (pioggia);Asfaltata;Verticale ed orizzontale;Nuvoloso;Normale;Buona;Ore Diurne;0;0;0;1;12.52101;41.92068;-1;1;Motociclo a solo;In marcia / fermata / arresto;Conducente;M;Illeso;0;;Non accertato;
3106782;3;20/12/2016 18:55;Strada Urbana;VIALE DELL'UNIVERSITA';all'intersezione con;VIALE REGINA ELENA;VIALE REGINA ELENA;;;Scontro frontale/laterale DX fra veicoli in marcia;Intersezione semaforizzata;Una carreggiata a doppio senso;Bagnato (umidità in atto);Asfaltata;Verticale ed orizzontale;Nuvoloso;Normale;Sufficiente;Sufficiente;1;0;0;1;12.51183;41.90434;-1;1;Autovettura privata;In marcia / fermata / arresto;Conducente;M;Illeso;0;;Non accertato;Inesploso
3106782;3;20/12/2016 18:55;Strada Urbana;VIALE DELL'UNIVERSITA';all'intersezione con;VIALE REGINA ELENA;VIALE REGINA ELENA;;;Scontro frontale/laterale DX fra veicoli in marcia;Intersezione semaforizzata;Una carreggiata a doppio senso;Bagnato (umidità in atto);Asfaltata;Verticale ed orizzontale;Nuvoloso;Normale;Sufficiente;Sufficiente;1;0;0;1;12.51183;41.90434;-1;2;Motociclo a solo;In marcia / fermata / arresto;Conducente;F;Rimandato;0;NON DECEDUTO;Non accertato;
3106836;12;20/12/2016 05:40;Comunale extraurbana;VIA DI PRATICA;in prossimità;;della chilometrica;2.3;;Ribaltamento senza urto contro ostacolo fisso;Curva senza visuale libera;Una carreggiata a doppio senso;Bagnato (umidità in atto);Asfaltata;Verticale ed orizzontale;Sereno;Scarso;Sufficiente;Insufficiente;1;0;0;0;12.42357;41.71301;-1;1;Autovettura privata;In marcia / fermata / arresto;Conducente;F;Rimandato;0;NON DECEDUTO;Utilizzato;Inesploso
3106846;6;21/12/2016 12:30;Strada Urbana;VIALE RONCHI;in corrispondenza;;del civico n.;37;;Scontro laterale fra veicoli in marcia;Rettilineo;Due carreggiate;Asciutto;Asfaltata;Orizzontale;Sereno;Scarso;Buona;Ore Diurne;0;0;0;2;12.54931;41.89467;-1;1;Autovettura privata;In marcia / fermata / arresto;Conducente;F;Illeso;0;;Non accertato;Inesploso
3106846;6;21/12/2016 12:30;Strada Urbana;VIALE RONCHI;in corrispondenza;;del civico n.;37;;Scontro laterale fra veicoli in marcia;Rettilineo;Due carreggiate;Asciutto;Asfaltata;Orizzontale;Sereno;Scarso;Buona;Ore Diurne;0;0;0;2;12.54931;41.89467;-1;2;Autovettura privata;In marcia / fermata / arresto;Conducente;M;Illeso;0;;Non accertato;Inesploso
3106890;12;21/12/2016 07:15;Regionale;VIA DEL MARE;in prossimità;;della chilometrica;13.8;;Tamponamento Multiplo;Rettilineo;Una carreggiata a doppio senso;Asciutto;Asfaltata;Verticale ed orizzontale;Sereno;Intenso;Buona;Ore Diurne;1;0;0;3;12.46324;41.84026;-1;1;Autovettura privata;In marcia / fermata / arresto;Conducente;M;Illeso;0;;Utilizzato;Inesploso
3106890;12;21/12/2016 07:15;Regionale;VIA DEL MARE;in prossimità;;della chilometrica;13.8;;Tamponamento Multiplo;Rettilineo;Una carreggiata a doppio senso;Asciutto;Asfaltata;Verticale ed orizzontale;Sereno;Intenso;Buona;Ore Diurne;1;0;0;3;12.46324;41.84026;-1;2;Autovettura privata;In marcia / fermata / arresto;Conducente;F;Illeso;0;;Utilizzato;Inesploso
3106890;12;21/12/2016 07:15;Regionale;VIA DEL MARE;in prossimità;;della chilometrica;13.8;;Tamponamento Multiplo;Rettilineo;Una carreggiata a doppio senso;Asciutto;Asfaltata;Verticale ed orizzontale;Sereno;Intenso;Buona;Ore Diurne;1;0;0;3;12.46324;41.84026;-1;3;Autovettura privata;In marcia / fermata / arresto;Conducente;M;Rimandato;0;NON DECEDUTO;Utilizzato;Inesploso
3106890;12;21/12/2016 07:15;Regionale;VIA DEL MARE;in prossimità;;della chilometrica;13.8;;Tamponamento Multiplo;Rettilineo;Una carreggiata a doppio senso;Asciutto;Asfaltata;Verticale ed orizzontale;Sereno;Intenso;Buona;Ore Diurne;1;0;0;3;12.46324;41.84026;-1;4;Autovettura privata;In marcia / fermata / arresto;Conducente;F;Illeso;0;;Utilizzato;Inesploso
3106979;5;21/12/2016 08:15;Strada Urbana;VIA TIBURTINA;da specificare;;;;prossimità uscita G.R.A. direzione Tivoli;Infortunio per sola frenata improvvisa;Rettilineo;Una carreggiata a doppio senso;Asciutto;Asfaltata;Verticale ed orizzontale;Sereno;Normale;Buona;Ore Diurne;1;0;0;0;12.60232;41.93356;-1;1;Motociclo a solo;In marcia / fermata / arresto;Conducente;M;Rimandato;0;NON DECEDUTO;Non accertato;
3107023;9;21/12/2016 11:30;Strada Urbana;VIA LA SPEZIA;in corrispondenza;;del civico n.;72/A;;Veicolo in marcia contro veicoli in sosta;Rettilineo;Una carreggiata a doppio senso;Asciutto;Asfaltata;Verticale ed orizzontale;Sereno;Normale;Buona;Ore Diurne;0;0;0;1;12.5192;41.88672;-1;1;Autovettura privata;In marcia / fermata / arresto;Conducente;F;Illeso;0;;Non accertato;Inesploso
3107110;15;21/12/2016 15:00;Strada Urbana;LUNGOTEVERE DI PIETRA PAPA;in prossimità;;del civico n.;7;;Scontro laterale fra veicoli in marcia;Rettilineo;Due carreggiate;Asciutto;Asfaltata;Assente;Sereno;Normale;Buona;Ore Diurne;0;0;0;1;12.47098;41.86149;-1;1;Autovettura privata;In marcia / fermata / arresto;Conducente;M;Illeso;0;;Non accertato;Inesploso
3107137;9;21/12/2016 08:50;Strada Urbana;VIA TUSCOLANA;all'intersezione semaforizzata con;VIA DI PORTA FURBA;VIA DI PORTA FURBA;;;Scontro frontale/laterale DX fra veicoli in marcia;Intersezione semaforizzata;Due carreggiate;Asciutto;Asfaltata;Verticale ed orizzontale;Sereno;Normale;Buona;Ore Diurne;1;0;0;2;12.57887;41.84638;-1;1;Autovettura privata;In marcia / fermata / arresto;Conducente;M;Illeso;0;;Non accertato;Inesploso
3107137;9;21/12/2016 08:50;Strada Urbana;VIA TUSCOLANA;all'intersezione semaforizzata con;VIA DI PORTA FURBA;VIA DI PORTA FURBA;;;Scontro frontale/laterale DX fra veicoli in marcia;Intersezione semaforizzata;Due carreggiate;Asciutto;Asfaltata;Verticale ed orizzontale;Sereno;Normale;Buona;Ore Diurne;1;0;0;2;12.57887;41.84638;-1;1;Autovettura privata;In marcia / fermata / arresto;Passeggero;M;Illeso;0;;Non accertato;Inesploso
3107137;9;21/12/2016 08:50;Strada Urbana;VIA TUSCOLANA;all'intersezione semaforizzata con;VIA DI PORTA FURBA;VIA DI PORTA FURBA;;;Scontro frontale/laterale DX fra veicoli in marcia;Intersezione semaforizzata;Due carreggiate;Asciutto;Asfaltata;Verticale ed orizzontale;Sereno;Normale;Buona;Ore Diurne;1;0;0;2;12.57887;41.84638;-1;2;Motociclo a solo;In marcia / fermata / arresto;Conducente;M;Rimandato;0;NON DECEDUTO;Utilizzato;
3107228;20;21/12/2016 15:40;Provinciale entro l'abitato;VIA ANGUILLARESE;in corrispondenza;;del civico n.;171;;Scontro laterale fra veicoli in marcia;Rettilineo;Una carreggiata a doppio senso;Asciutto;Asfaltata;Verticale ed orizzontale;Sereno;Scarso;Buona;Ore Diurne;0;0;0;2;12.30945;42.03872;-1;1;Autovettura privata;In marcia / fermata / arresto;Conducente;M;Illeso;0;;Non accertato;Inesploso
3107228;20;21/12/2016 15:40;Provinciale entro l'abitato;VIA ANGUILLARESE;in corrispondenza;;del civico n.;171;;Scontro laterale fra veicoli in marcia;Rettilineo;Una carreggiata a doppio senso;Asciutto;Asfaltata;Verticale ed orizzontale;Sereno;Scarso;Buona;Ore Diurne;0;0;0;2;12.30945;42.03872;-1;2;Autocarro inferiore 35 q.;In marcia / fermata / arresto;Conducente;M;Illeso;0;;Non accertato;Inesploso
3107244;9;21/12/2016 10:15;Strada Urbana;VIA APPIA NUOVA;da specificare;;;;fr. civ. 340;Investimento di pedone;Rettilineo;Due carreggiate;Asciutto;Asfaltata;Verticale ed orizzontale;Sereno;Normale;Buona;Ore Diurne;1;0;0;3;12.5516;41.83656;-1;;;;Pedone;M;Illeso;0;;;
3107244;9;21/12/2016 10:15;Strada Urbana;VIA APPIA NUOVA;da specificare;;;;fr. civ. 340;Investimento di pedone;Rettilineo;Due carreggiate;Asciutto;Asfaltata;Verticale ed orizzontale;Sereno;Normale;Buona;Ore Diurne;1;0;0;3;12.5516;41.83656;-1;;;;Pedone;F;Rimandato;0;NON DECEDUTO;;
3107244;9;21/12/2016 10:15;Strada Urbana;VIA APPIA NUOVA;da specificare;;;;fr. civ. 340;Investimento di pedone;Rettilineo;Due carreggiate;Asciutto;Asfaltata;Verticale ed orizzontale;Sereno;Normale;Buona;Ore Diurne;1;0;0;3;12.5516;41.83656;-1;;;;Pedone;F;Illeso;0;;;
3107244;9;21/12/2016 10:15;Strada Urbana;VIA APPIA NUOVA;da specificare;;;;fr. civ. 340;Investimento di pedone;Rettilineo;Due carreggiate;Asciutto;Asfaltata;Verticale ed orizzontale;Sereno;Normale;Buona;Ore Diurne;1;0;0;3;12.5516;41.83656;-1;1;Autovettura privata;In marcia / fermata / arresto;Conducente;M;Illeso;0;;Non accertato;Inesploso
3107279;10;21/12/2016 15:45;Strada Urbana;VIA BIAGIO PETROCELLI;in corrispondenza;;del civico n.;156;;Investimento di pedone;Rettilineo;Una carreggiata a senso unico di marcia;Asciutto;Asfaltata;Verticale ed orizzontale;Sereno;Normale;Sufficiente;Ore Diurne;1;0;0;1;12.60928;41.83984;-1;;;;Pedone;F;Rimandato;0;NON DECEDUTO;;
3107279;10;21/12/2016 15:45;Strada Urbana;VIA BIAGIO PETROCELLI;in corrispondenza;;del civico n.;156;;Investimento di pedone;Rettilineo;Una carreggiata a senso unico di marcia;Asciutto;Asfaltata;Verticale ed orizzontale;Sereno;Normale;Sufficiente;Ore Diurne;1;0;0;1;12.60928;41.83984;-1;1;Autovettura privata;In marcia / fermata / arresto;Conducente;M;Illeso;0;;Non accertato;Inesploso
3107298;18;21/12/2016 10:48;Strada Urbana;VIA DI BOCCEA;da specificare;;;;prossimità civ. 587 direzione centro;Veicolo in marcia contro ostacolo accidentale;Rettilineo;Una carreggiata a doppio senso;Asciutto;Asfaltata;Verticale ed orizzontale;Sereno;Normale;Buona;Ore Diurne;0;0;0;1;12.39188;41.91186;-1;1;Autovettura privata;In marcia / fermata / arresto;Conducente;M;Illeso;0;;Non accertato;Inesploso
3107309;18;21/12/2016 10:55;Strada Urbana;VIA DI TORREVECCHIA;da specificare;;;;all'interno del distributore carburanti IP ;Veicolo in marcia contro veicolo fermo;Rettilineo;Una carreggiata a doppio senso;Asciutto;Asfaltata;Orizzontale;Sereno;Scarso;Buona;Ore Diurne;0;0;0;3;12.41929;41.93108;-1;1;Autovettura privata;In marcia / fermata / arresto;Conducente;M;Illeso;0;;;
3107309;18;21/12/2016 10:55;Strada Urbana;VIA DI TORREVECCHIA;da specificare;;;;all'interno del distributore carburanti IP ;Veicolo in marcia contro veicolo fermo;Rettilineo;Una carreggiata a doppio senso;Asciutto;Asfaltata;Orizzontale;Sereno;Scarso;Buona;Ore Diurne;0;0;0;3;12.41929;41.93108;-1;2;Autocarro inferiore 35 q.;In marcia / fermata / arresto;Conducente;M;Illeso;0;;;
3107309;18;21/12/2016 10:55;Strada Urbana;VIA DI TORREVECCHIA;da specificare;;;;all'interno del distributore carburanti IP ;Veicolo in marcia contro veicolo fermo;Rettilineo;Una carreggiata a doppio senso;Asciutto;Asfaltata;Orizzontale;Sereno;Scarso;Buona;Ore Diurne;0;0;0;3;12.41929;41.93108;-1;2;Autocarro inferiore 35 q.;In marcia / fermata / arresto;Passeggero;M;Illeso;0;;;
3107311;18;20/12/2016 15:30;Strada Urbana;VIA GREGORIO XI;da specificare;;;;500 mt prima  di VIA AURELIA;Tamponamento;Rettilineo;Una carreggiata a senso unico di marcia;Bagnato (pioggia);Asfaltata;Verticale ed orizzontale;Nuvoloso;Scarso;Sufficiente;Ore Diurne;1;0;0;1;12.40063;41.89072;-1;1;Autovettura privata;In marcia / fermata / arresto;Conducente;M;Rifiuta cure immediate;0;NON DECEDUTO;;
3107311;18;20/12/2016 15:30;Strada Urbana;VIA GREGORIO XI;da specificare;;;;500 mt prima  di VIA AURELIA;Tamponamento;Rettilineo;Una carreggiata a senso unico di marcia;Bagnato (pioggia);Asfaltata;Verticale ed orizzontale;Nuvoloso;Scarso;Sufficiente;Ore Diurne;1;0;0;1;12.40063;41.89072;-1;2;Autocarro inferiore 35 q.;In marcia / fermata / arresto;Conducente;M;Illeso;0;;;
3107356;2;21/12/2016 14:40;Strada Urbana;VIA DEL FORO ITALICO;da specificare;;;;direzione Stadio alt. palo Acea n° 298;Tamponamento;Rettilineo;Due carreggiate;Asciutto;Asfaltata;Verticale ed orizzontale;Sereno;Intenso;Buona;Ore Diurne;1;0;0;1;12.48375;41.93991;-1;1;Motociclo a solo;In marcia / fermata / arresto;Conducente;M;Rimandato;0;NON DECEDUTO;Non accertato;
3107356;2;21/12/2016 14:40;Strada Urbana;VIA DEL FORO ITALICO;da specificare;;;;direzione Stadio alt. palo Acea n° 298;Tamponamento;Rettilineo;Due carreggiate;Asciutto;Asfaltata;Verticale ed orizzontale;Sereno;Intenso;Buona;Ore Diurne;1;0;0;1;12.48375;41.93991;-1;2;Autovettura privata;In marcia / fermata / arresto;Conducente;F;Illeso;0;;;
3107407;20;21/12/2016 17:30;Regionale entro l'abitato;VIA CASSIA;all'intersezione con;VIA DELLA CAPPELLETTA DELLA GIUSTINIANA;VIA DELLA CAPPELLETTA DELLA GIUSTINIANA;;;Scontro frontale/laterale DX fra veicoli in marcia;Incrocio;Una carreggiata a doppio senso;Asciutto;Asfaltata;Verticale ed orizzontale;Sereno;Intenso;Sufficiente;Sufficiente;1;0;0;2;12.41425;41.9826;-1;1;Motociclo a solo;In marcia / fermata / arresto;Conducente;M;Rimandato;0;NON DECEDUTO;Non accertato;
3107407;20;21/12/2016 17:30;Regionale entro l'abitato;VIA CASSIA;all'intersezione con;VIA DELLA CAPPELLETTA DELLA GIUSTINIANA;VIA DELLA CAPPELLETTA DELLA GIUSTINIANA;;;Scontro frontale/laterale DX fra veicoli in marcia;Incrocio;Una carreggiata a doppio senso;Asciutto;Asfaltata;Verticale ed orizzontale;Sereno;Intenso;Sufficiente;Sufficiente;1;0;0;2;12.41425;41.9826;-1;2;Quadriciclo leggero;In marcia / fermata / arresto;Conducente;M;Illeso;0;;Non accertato;
3107407;20;21/12/2016 17:30;Regionale entro l'abitato;VIA CASSIA;all'intersezione con;VIA DELLA CAPPELLETTA DELLA GIUSTINIANA;VIA DELLA CAPPELLETTA DELLA GIUSTINIANA;;;Scontro frontale/laterale DX fra veicoli in marcia;Incrocio;Una carreggiata a doppio senso;Asciutto;Asfaltata;Verticale ed orizzontale;Sereno;Intenso;Sufficiente;Sufficiente;1;0;0;2;12.41425;41.9826;-1;2;Quadriciclo leggero;In marcia / fermata / arresto;Passeggero;F;Illeso;0;;Non accertato;Inesistente
3107415;15;21/12/2016 17:30;Comunale extraurbana;VIA DELLA MURATELLA;da specificare;;;;PROSSIMITA' VIA PESCINA GAGLIARDA;Investimento di pedone;Rettilineo;Una carreggiata a doppio senso;Asciutto;Asfaltata;Verticale ed orizzontale;Sereno;Scarso;Sufficiente;Sufficiente;1;0;0;1;12.2885;41.83007;-1;;;;Pedone;M;Ricoverato;0;NON DECEDUTO;;
3107415;15;21/12/2016 17:30;Comunale extraurbana;VIA DELLA MURATELLA;da specificare;;;;PROSSIMITA' VIA PESCINA GAGLIARDA;Investimento di pedone;Rettilineo;Una carreggiata a doppio senso;Asciutto;Asfaltata;Verticale ed orizzontale;Sereno;Scarso;Sufficiente;Sufficiente;1;0;0;1;12.2885;41.83007;-1;1;Motociclo a solo;In marcia / fermata / arresto;Conducente;M;Illeso;0;;Non accertato;
3107471;16;21/12/2016 11:30;Strada Urbana;VIA DELLA CONSOLATA;in prossimità;;del civico n.;130;;Scontro laterale fra veicoli in marcia;Rettilineo;Una carreggiata a doppio senso;Asciutto;Asfaltata;Orizzontale;Sereno;Normale;Buona;Ore Diurne;1;0;0;1;12.4177;41.87602;-1;1;Autovettura privata;In marcia / fermata / arresto;Conducente;M;Illeso;0;;Non accertato;Inesploso
3107471;16;21/12/2016 11:30;Strada Urbana;VIA DELLA CONSOLATA;in prossimità;;del civico n.;130;;Scontro laterale fra veicoli in marcia;Rettilineo;Una carreggiata a doppio senso;Asciutto;Asfaltata;Orizzontale;Sereno;Normale;Buona;Ore Diurne;1;0;0;1;12.4177;41.87602;-1;2;Motociclo a solo;In marcia / fermata / arresto;Conducente;M;Rifiuta cure immediate;0;NON DECEDUTO;Non accertato;
3107472;16;21/12/2016 01:30;Strada Urbana;PASSEGGIATA DEL GIANICOLO;all'intersezione con;PIAZZALE AURELIO;PIAZZALE AURELIO;;;Fuoriuscita dalla sede stradale;Incrocio;Una carreggiata a senso unico di marcia;Bagnato (umidità in atto);Asfaltata;Verticale;Nuvoloso;Scarso;Sufficiente;Sufficiente;1;0;0;1;12.46057;41.89359;-1;1;Motociclo a solo;In marcia / fermata / arresto;Conducente;M;Rimandato;0;NON DECEDUTO;Non accertato;
3107472;16;21/12/2016 01:30;Strada Urbana;PASSEGGIATA DEL GIANICOLO;all'intersezione con;PIAZZALE AURELIO;PIAZZALE AURELIO;;;Fuoriuscita dalla sede stradale;Incrocio;Una carreggiata a senso unico di marcia;Bagnato (umidità in atto);Asfaltata;Verticale;Nuvoloso;Scarso;Sufficiente;Sufficiente;1;0;0;1;12.46057;41.89359;-1;2;Ciclomotore;In marcia / fermata / arresto;Conducente;M;Illeso;0;;Non accertato;
3107526;17;21/12/2016 14:55;Strada Urbana;VIA GERMANICO;in corrispondenza;;del civico n.;8;;Veicolo in marcia contro veicoli in sosta;Rettilineo;Una carreggiata a senso unico di marcia;Asciutto;In cubetti di porfido;Verticale ed orizzontale;Sereno;Normale;Buona;Ore Diurne;0;0;0;1;12.45605;41.90731;-1;1;Autovettura privata;In marcia / fermata / arresto;Conducente;M;Illeso;0;;;
3107530;17;21/12/2016 13:00;Strada Urbana;VIA LUIGI SETTEMBRINI;da specificare;;;;fronte civico 24;Veicolo in marcia contro veicolo in sosta;Rettilineo;Due carreggiate;Asciutto;Asfaltata;Verticale ed orizzontale;Sereno;Normale;Buona;Ore Diurne;1;0;0;1;12.46684;41.915;-1;2;Motociclo a solo;In marcia / fermata / arresto;Conducente;M;Rimandato;0;NON DECEDUTO;Non accertato;
3107530;17;21/12/2016 13:00;Strada Urbana;VIA LUIGI SETTEMBRINI;da specificare;;;;fronte civico 24;Veicolo in marcia contro veicolo in sosta;Rettilineo;Due carreggiate;Asciutto;Asfaltata;Verticale ed orizzontale;Sereno;Normale;Buona;Ore Diurne;1;0;0;1;12.46684;41.915;-1;3;Autovettura privata;In marcia / fermata / arresto;Conducente;M;Illeso;0;;Non accertato;
3107531;17;21/12/2016 07:15;Strada Urbana;VIA DEGLI SCIPIONI;all'intersezione con;VIA VIRGINIO ORSINI;VIA VIRGINIO ORSINI;;;Scontro laterale fra veicoli in marcia;Intersezione stradale segnalata;Una carreggiata a doppio senso;Bagnato (umidità in atto);Asfaltata;Verticale ed orizzontale;Nuvoloso;Normale;Buona;Ore Diurne;0;0;0;2;12.46895;41.91132;-1;1;Autovettura privata;In marcia / fermata / arresto;Conducente;F;Illeso;0;;Non accertato;Inesploso
3107531;17;21/12/2016 07:15;Strada Urbana;VIA DEGLI SCIPIONI;all'intersezione con;VIA VIRGINIO ORSINI;VIA VIRGINIO ORSINI;;;Scontro laterale fra veicoli in marcia;Intersezione stradale segnalata;Una carreggiata a doppio senso;Bagnato (umidità in atto);Asfaltata;Verticale ed orizzontale;Nuvoloso;Normale;Buona;Ore Diurne;0;0;0;2;12.46895;41.91132;-1;2;Motociclo a solo;In marcia / fermata / arresto;Conducente;M;Illeso;0;;Non accertato;
3107716;15;21/12/2016 08:10;Strada Urbana;LUNGOTEVERE DELLA MAGLIANA;all'intersezione con;VICOLO PIAN DUE TORRI;VICOLO PIAN DUE TORRI;;;Scontro frontale/laterale DX fra veicoli in marcia;Incrocio;Una carreggiata a doppio senso;Asciutto;Asfaltata;Verticale ed orizzontale;Sereno;Normale;Buona;Ore Diurne;0;0;0;4;12.46116;41.85123;-1;1;Autovettura privata;In marcia / fermata / arresto;Conducente;F;Illeso;0;;Non accertato;Inesploso
3107716;15;21/12/2016 08:10;Strada Urbana;LUNGOTEVERE DELLA MAGLIANA;all'intersezione con;VICOLO PIAN DUE TORRI;VICOLO PIAN DUE TORRI;;;Scontro frontale/laterale DX fra veicoli in marcia;Incrocio;Una carreggiata a doppio senso;Asciutto;Asfaltata;Verticale ed orizzontale;Sereno;Normale;Buona;Ore Diurne;0;0;0;4;12.46116;41.85123;-1;1;Autovettura privata;In marcia / fermata / arresto;Passeggero;M;Illeso;0;;Non accertato;
3107716;15;21/12/2016 08:10;Strada Urbana;LUNGOTEVERE DELLA MAGLIANA;all'intersezione con;VICOLO PIAN DUE TORRI;VICOLO PIAN DUE TORRI;;;Scontro frontale/laterale DX fra veicoli in marcia;Incrocio;Una carreggiata a doppio senso;Asciutto;Asfaltata;Verticale ed orizzontale;Sereno;Normale;Buona;Ore Diurne;0;0;0;4;12.46116;41.85123;-1;1;Autovettura privata;In marcia / fermata / arresto;Passeggero;F;Illeso;0;;Non accertato;
3107716;15;21/12/2016 08:10;Strada Urbana;LUNGOTEVERE DELLA MAGLIANA;all'intersezione con;VICOLO PIAN DUE TORRI;VICOLO PIAN DUE TORRI;;;Scontro frontale/laterale DX fra veicoli in marcia;Incrocio;Una carreggiata a doppio senso;Asciutto;Asfaltata;Verticale ed orizzontale;Sereno;Normale;Buona;Ore Diurne;0;0;0;4;12.46116;41.85123;-1;2;Autovettura privata;In marcia / fermata / arresto;Conducente;M;Illeso;0;;Non accertato;Inesploso
3107720;15;21/12/2016 09:05;Strada Urbana;VIA GIUSEPPE BELLUZZO;in corrispondenza;;del civico n.;2;;Scontro laterale fra veicoli in marcia;Pendenza;Una carreggiata a senso unico di marcia;Asciutto;Asfaltata;Verticale ed orizzontale;Sereno;Intenso;Buona;Ore Diurne;1;0;0;1;12.46084;41.86583;-1;1;Motociclo a solo;In marcia / fermata / arresto;Conducente;M;Rimandato;0;NON DECEDUTO;Utilizzato;
3107720;15;21/12/2016 09:05;Strada Urbana;VIA GIUSEPPE BELLUZZO;in corrispondenza;;del civico n.;2;;Scontro laterale fra veicoli in marcia;Pendenza;Una carreggiata a senso unico di marcia;Asciutto;Asfaltata;Verticale ed orizzontale;Sereno;Intenso;Buona;Ore Diurne;1;0;0;1;12.46084;41.86583;-1;3;Autovettura privata;In marcia / fermata / arresto;Conducente;M;Illeso;0;;Utilizzato;
3107810;1;21/12/2016 21:00;Strada Urbana;VIA LUIGI PETROSELLI;in prossimità;;del civico n.;52;;Veicolo in marcia contro ostacolo accidentale;Rettilineo;Una carreggiata a doppio senso;Asciutto;In cubetti di porfido;Verticale ed orizzontale;Sereno;Normale;Sufficiente;Sufficiente;0;0;0;1;12.48086;41.88994;-1;1;Motociclo a solo;In marcia / fermata / arresto;Conducente;M;Illeso;0;;Non accertato;
3107815;11;21/12/2016 08:09;Strada Urbana;VIA GIULIO ARISTIDE SARTORIO;in corrispondenza;;del civico n.;59;;Scontro laterale fra veicoli in marcia;Rettilineo;Una carreggiata a senso unico di marcia;Bagnato (umidità in atto);Asfaltata;Verticale ed orizzontale;Sereno;Normale;Buona;Ore Diurne;1;0;0;2;12.50517;41.85325;-1;1;Motociclo a solo;In marcia / fermata / arresto;Conducente;M;Rifiuta cure immediate;0;NON DECEDUTO;Non accertato;
3107815;11;21/12/2016 08:09;Strada Urbana;VIA GIULIO ARISTIDE SARTORIO;in corrispondenza;;del civico n.;59;;Scontro laterale fra veicoli in marcia;Rettilineo;Una carreggiata a senso unico di marcia;Bagnato (umidità in atto);Asfaltata;Verticale ed orizzontale;Sereno;Normale;Buona;Ore Diurne;1;0;0;2;12.50517;41.85325;-1;2;Autovettura privata;In marcia / fermata / arresto;Conducente;M;Illeso;0;;Non accertato;Inesploso
3107815;11;21/12/2016 08:09;Strada Urbana;VIA GIULIO ARISTIDE SARTORIO;in corrispondenza;;del civico n.;59;;Scontro laterale fra veicoli in marcia;Rettilineo;Una carreggiata a senso unico di marcia;Bagnato (umidità in atto);Asfaltata;Verticale ed orizzontale;Sereno;Normale;Buona;Ore Diurne;1;0;0;2;12.50517;41.85325;-1;2;Autovettura privata;In marcia / fermata / arresto;Passeggero;F;Illeso;0;;Non accertato;
3107820;15;21/12/2016 18:00;Strada Urbana;PIAZZA DELLA RADIO;da specificare;;;;f.n.c. 18;Scontro frontale/laterale SX fra veicoli in marcia;Rettilineo;Due carreggiate;Asciutto;Asfaltata;Verticale ed orizzontale;Sereno;Intenso;Buona;Sufficiente;0;0;0;2;12.46764;41.86971;-1;1;Autovettura privata;In marcia / fermata / arresto;Conducente;M;Illeso;0;;Utilizzato;Inesploso
3107820;15;21/12/2016 18:00;Strada Urbana;PIAZZA DELLA RADIO;da specificare;;;;f.n.c. 18;Scontro frontale/laterale SX fra veicoli in marcia;Rettilineo;Due carreggiate;Asciutto;Asfaltata;Verticale ed orizzontale;Sereno;Intenso;Buona;Sufficiente;0;0;0;2;12.46764;41.86971;-1;2;Autovettura privata;In marcia / fermata / arresto;Conducente;M;Illeso;0;;Utilizzato;Inesploso
3107824;11;21/12/2016 20:05;Strada Urbana;VIALE GUGLIELMO MARCONI;in corrispondenza;;del civico n.;440;;Investimento di pedone;Rettilineo;Due carreggiate;Asciutto;Asfaltata;Verticale ed orizzontale;Sereno;Scarso;Insufficiente;Insufficiente;0;1;0;1;12.47079;41.85708;-1;;;;Pedone;M;Prognosi riservata;0;NON DECEDUTO;;
3107824;11;21/12/2016 20:05;Strada Urbana;VIALE GUGLIELMO MARCONI;in corrispondenza;;del civico n.;440;;Investimento di pedone;Rettilineo;Due carreggiate;Asciutto;Asfaltata;Verticale ed orizzontale;Sereno;Scarso;Insufficiente;Insufficiente;0;1;0;1;12.47079;41.85708;-1;1;Autovettura privata;In marcia / fermata / arresto;Conducente;M;Illeso;0;;Non accertato;