Protocollo;Gruppo;DataOraIncidente;Localizzazione1;STRADA1;Localizzazione2;STRADA2;Strada02;Chilometrica;DaSpecificare;NaturaIncidente;particolaritastrade;TipoStrada;FondoStradale;Pavimentazione;Segnaletica;CondizioneAtmosferica;Traffico;Visibilita;Illuminazione;NUM_FERITI;NUM_RISERVATA;NUM_MORTI;NUM_ILLESI;Longitudine;Latitudine;Confermato;Progressivo;TipoVeicolo;StatoVeicolo;TipoPersona;Sesso;Tipolesione;Deceduto;DecedutoDopo;CinturaCascoUtilizzato;Airbag
3110654;17;23/12/2016 13:00;Strada Urbana;VIA COLA DI RIENZO;all'intersezione con;VIA TIBULLO;VIA TIBULLO;;;Scontro frontale/laterale DX fra veicoli in marcia;Incrocio;Una carreggiata a senso unico di marcia;Asciutto;In cubetti di porfido;Verticale ed orizzontale;Sereno;Normale;Buona;Ore Diurne;0;0;0;2;12.46553;41.90808;-1;1;Autovettura privata;In marcia / fermata / arresto;Conducente;M;Illeso;0;;Non accertato;Inesploso
3110654;17;23/12/2016 13:00;Strada Urbana;VIA COLA DI RIENZO;all'intersezione con;VIA TIBULLO;VIA TIBULLO;;;Scontro frontale/laterale DX fra veicoli in marcia;Incrocio;Una carreggiata a senso unico di marcia;Asciutto;In cubetti di porfido;Verticale ed orizzontale;Sereno;Normale;Buona;Ore Diurne;0;0;0;2;12.46553;41.90808;-1;2;Autovettura privata;In marcia / fermata / arresto;Conducente;F;Illeso;0;;Non accertato;Inesploso
3110661;13;23/12/2016 08:30;Strada Urbana;VIA DELLA STAZIONE DEL LIDO;in corrispondenza;;del civico n.;24;;Veicolo in marcia contro ostacolo fisso;Rettilineo;Una carreggiata a senso unico di marcia;Asciutto;Asfaltata;Assente;Sereno;Normale;Buona;Ore Diurne;0;0;0;1;12.28505;41.73219;-1;1;Autocarro superiore 35 q.;In marcia / fermata / arresto;Conducente;M;Illeso;0;;Non accertato;Inesploso
3110662;20;24/12/2016 06:00;Statale;VIA FLAMINIA;da specificare;;;;KM 14,800 direzione Roma;Veicolo in marcia contro ostacolo fisso;Rettilineo;Una carreggiata a senso unico di marcia;Asciutto;Asfaltata;Verticale ed orizzontale;Sereno;Scarso;Sufficiente;Sufficiente;1;0;1;0;12.48882;42.01237;-1;1;Autovettura privata;In marcia / fermata / arresto;Conducente;M;Ricoverato;0;NON DECEDUTO;Non accertato;
3110662;20;24/12/2016 06:00;Statale;VIA FLAMINIA;da specificare;;;;KM 14,800 direzione Roma;Veicolo in marcia contro ostacolo fisso;Rettilineo;Una carreggiata a senso unico di marcia;Asciutto;Asfaltata;Verticale ed orizzontale;Sereno;Scarso;Sufficiente;Sufficiente;1;0;1;0;12.48882;42.01237;-1;1;Autovettura privata;In marcia / fermata / arresto;Passeggero;F;Deceduto sul posto;-1;;Non accertato;
3110671;17;23/12/2016 12:45;Strada Urbana;VIA TRIONFALE;all'intersezione semaforizzata con;CIRCONVALLAZIONE CLODIA;CIRCONVALLAZIONE CLODIA;;;Scontro laterale fra veicoli in marcia;Intersezione semaforizzata;Una carreggiata a senso unico di marcia;Asciutto;Asfaltata;Verticale ed orizzontale;Sereno;Normale;Buona;Ore Diurne;0;0;0;2;12.45671;41.91898;-1;1;Autovettura privata;In marcia / fermata / arresto;Conducente;F;Illeso;0;;Non accertato;Inesploso
3110671;17;23/12/2016 12:45;Strada Urbana;VIA TRIONFALE;all'intersezione semaforizzata con;CIRCONVALLAZIONE CLODIA;CIRCONVALLAZIONE CLODIA;;;Scontro laterale fra veicoli in marcia;Intersezione semaforizzata;Una carreggiata a senso unico di marcia;Asciutto;Asfaltata;Verticale ed orizzontale;Sereno;Normale;Buona;Ore Diurne;0;0;0;2;12.45671;41.91898;-1;1;Autovettura privata;In marcia / fermata / arresto;Passeggero;F;Illeso;0;;Non accertato;Inesploso
3110674;1;23/12/2016 17:30;Strada Urbana;VIALE DELLE TERME DI CARACALLA;in prossimità;;del palo luce n.;34;;Scontro frontale/laterale SX fra veicoli in marcia;Rettilineo;Più di due carreggiate;Asciutto;Asfaltata;Verticale ed orizzontale;Sereno;Normale;Buona;Sufficiente;0;0;0;2;12.4952;41.8785;-1;1;Motociclo a solo;In marcia / fermata / arresto;Conducente;F;Illeso;0;;Non accertato;
3110674;1;23/12/2016 17:30;Strada Urbana;VIALE DELLE TERME DI CARACALLA;in prossimità;;del palo luce n.;34;;Scontro frontale/laterale SX fra veicoli in marcia;Rettilineo;Più di due carreggiate;Asciutto;Asfaltata;Verticale ed orizzontale;Sereno;Normale;Buona;Sufficiente;0;0;0;2;12.4952;41.8785;-1;2;Autovettura privata;In marcia / fermata / arresto;Conducente;F;Illeso;0;;Non accertato;
3110684;13;23/12/2016 09:45;Strada Urbana;VIALE DELLA VITTORIA;da specificare;;;;"pressi entrata parco ""25 novembre 1884""";Veicolo in marcia contro veicolo in sosta;Rettilineo;Due carreggiate;Asciutto;Asfaltata;Assente;Sereno;Normale;Buona;Ore Diurne;0;0;0;1;12.28729;41.72811;-1;1;Autovettura privata;In marcia / fermata / arresto;Conducente;M;Illeso;0;;Non accertato;Inesploso
3110687;1;23/12/2016 20:50;Strada Urbana;PIAZZA NAVONA;in prossimità;;del civico n.;114;;Veicolo in marcia contro ostacolo fisso;Rettilineo;Una carreggiata a senso unico di marcia;Asciutto;Acciotolata;Assente;Sereno;Scarso;Sufficiente;Sufficiente;0;0;0;1;12.47331;41.89781;-1;1;Ciclomotore;In marcia / fermata / arresto;Conducente;F;Illeso;0;;;
3110695;4;23/12/2016 23:00;Statale entro l'abitato;VIA SALARIA;da specificare;;;;prossimità via Bolognola;Scontro laterale fra veicoli in marcia;Rettilineo;Due carreggiate;Asciutto;Asfaltata;Orizzontale;Sereno;Normale;Buona;Sufficiente;0;0;0;2;12.50624;41.96289;-1;1;Altro;In marcia / fermata / arresto;Conducente;M;Illeso;0;;;
3110695;4;23/12/2016 23:00;Statale entro l'abitato;VIA SALARIA;da specificare;;;;prossimità via Bolognola;Scontro laterale fra veicoli in marcia;Rettilineo;Due carreggiate;Asciutto;Asfaltata;Orizzontale;Sereno;Normale;Buona;Sufficiente;0;0;0;2;12.50624;41.96289;-1;2;Autovettura privata;In marcia / fermata / arresto;Conducente;M;Illeso;0;;Non accertato;Inesploso
3110702;1;24/12/2016 03:00;Strada Urbana;LUNGOTEVERE RIPA;in prossimità;;del civico n.;7;;Tamponamento;Rettilineo;Due carreggiate;Asciutto;Asfaltata;Verticale ed orizzontale;Sereno;Normale;Buona;Sufficiente;0;0;0;2;12.47827;41.88675;-1;1;Motociclo a solo;In marcia / fermata / arresto;Conducente;M;Illeso;0;;Non accertato;
3110702;1;24/12/2016 03:00;Strada Urbana;LUNGOTEVERE RIPA;in prossimità;;del civico n.;7;;Tamponamento;Rettilineo;Due carreggiate;Asciutto;Asfaltata;Verticale ed orizzontale;Sereno;Normale;Buona;Sufficiente;0;0;0;2;12.47827;41.88675;-1;2;Autobus di linea;In marcia / fermata / arresto;Conducente;M;Illeso;0;;Non accertato;
3110720;4;23/12/2016 17:00;Statale entro l'abitato;VIA SALARIA;da specificare;;;;alt palo Acea n 60 dir. Rieti;Tamponamento;Rettilineo;Due carreggiate;Asciutto;Asfaltata;Verticale ed orizzontale;Sereno;Normale;Buona;Sufficiente;1;0;0;2;12.50624;41.96289;-1;1;Autovettura privata;In marcia / fermata / arresto;Conducente;F;Illeso;0;;;
3110720;4;23/12/2016 17:00;Statale entro l'abitato;VIA SALARIA;da specificare;;;;alt palo Acea n 60 dir. Rieti;Tamponamento;Rettilineo;Due carreggiate;Asciutto;Asfaltata;Verticale ed orizzontale;Sereno;Normale;Buona;Sufficiente;1;0;0;2;12.50624;41.96289;-1;1;Autovettura privata;In marcia / fermata / arresto;Passeggero;M;Illeso;0;;;
3110720;4;23/12/2016 17:00;Statale entro l'abitato;VIA SALARIA;da specificare;;;;alt palo Acea n 60 dir. Rieti;Tamponamento;Rettilineo;Due carreggiate;Asciutto;Asfaltata;Verticale ed orizzontale;Sereno;Normale;Buona;Sufficiente;1;0;0;2;12.50624;41.96289;-1;2;Motociclo a solo;In marcia / fermata / arresto;Conducente;M;Rimandato;0;NON DECEDUTO;;
3110729;10;23/12/2016 08:45;Provinciale;VIA TUSCOLANA;in corrispondenza;;del civico n.;2172;;Scontro frontale/laterale DX fra veicoli in marcia;Rettilineo;Due carreggiate;Asciutto;Asfaltata;Verticale ed orizzontale;Sereno;Scarso;Buona;Ore Diurne;3;0;0;1;12.63087;41.82441;-1;1;Autovettura privata;In marcia / fermata / arresto;Conducente;M;Illeso;0;;;
3110729;10;23/12/2016 08:45;Provinciale;VIA TUSCOLANA;in corrispondenza;;del civico n.;2172;;Scontro frontale/laterale DX fra veicoli in marcia;Rettilineo;Due carreggiate;Asciutto;Asfaltata;Verticale ed orizzontale;Sereno;Scarso;Buona;Ore Diurne;3;0;0;1;12.63087;41.82441;-1;1;Autovettura privata;In marcia / fermata / arresto;Passeggero;F;Rimandato;0;NON DECEDUTO;Non accertato;Inesploso
3110729;10;23/12/2016 08:45;Provinciale;VIA TUSCOLANA;in corrispondenza;;del civico n.;2172;;Scontro frontale/laterale DX fra veicoli in marcia;Rettilineo;Due carreggiate;Asciutto;Asfaltata;Verticale ed orizzontale;Sereno;Scarso;Buona;Ore Diurne;3;0;0;1;12.63087;41.82441;-1;2;Autovettura privata;In marcia / fermata / arresto;Conducente;M;Rifiuta cure immediate;0;NON DECEDUTO;Non accertato;Inesploso
3110729;10;23/12/2016 08:45;Provinciale;VIA TUSCOLANA;in corrispondenza;;del civico n.;2172;;Scontro frontale/laterale DX fra veicoli in marcia;Rettilineo;Due carreggiate;Asciutto;Asfaltata;Verticale ed orizzontale;Sereno;Scarso;Buona;Ore Diurne;3;0;0;1;12.63087;41.82441;-1;3;Autovettura privata;In marcia / fermata / arresto;Conducente;F;Rifiuta cure immediate;0;NON DECEDUTO;;
3110748;13;23/12/2016 10:30;Strada Urbana;VIA STEFANO ASSEMANI;in corrispondenza;;del civico n.;87;;Veicolo in marcia contro ostacolo accidentale;Curva senza visuale libera;Una carreggiata a doppio senso;Asciutto;Con buche;Verticale;Sereno;Scarso;Buona;Ore Diurne;0;0;0;2;12.36504;41.77768;-1;1;Autovettura privata;In marcia / fermata / arresto;Conducente;M;Illeso;0;;Non accertato;Inesploso
3110748;13;23/12/2016 10:30;Strada Urbana;VIA STEFANO ASSEMANI;in corrispondenza;;del civico n.;87;;Veicolo in marcia contro ostacolo accidentale;Curva senza visuale libera;Una carreggiata a doppio senso;Asciutto;Con buche;Verticale;Sereno;Scarso;Buona;Ore Diurne;0;0;0;2;12.36504;41.77768;-1;1;Autovettura privata;In marcia / fermata / arresto;Passeggero;M;Illeso;0;;Non accertato;Inesploso
3110773;20;23/12/2016 10:45;Regionale entro l'abitato;VIA CASSIA;in prossimità;;del civico n.;1690;;Tamponamento;Rettilineo;Una carreggiata a doppio senso;Asciutto;Asfaltata;Orizzontale;Sereno;Intenso;Buona;Ore Diurne;0;0;0;2;12.37963;42.00785;-1;1;Autovettura privata;In marcia / fermata / arresto;Conducente;M;Illeso;0;;Non accertato;
3110773;20;23/12/2016 10:45;Regionale entro l'abitato;VIA CASSIA;in prossimità;;del civico n.;1690;;Tamponamento;Rettilineo;Una carreggiata a doppio senso;Asciutto;Asfaltata;Orizzontale;Sereno;Intenso;Buona;Ore Diurne;0;0;0;2;12.37963;42.00785;-1;2;Autovettura privata;In marcia / fermata / arresto;Conducente;M;Illeso;0;;Non accertato;
3110781;15;24/12/2016 10:15;Strada Urbana;VIALE GAETANO ARTURO CROCCO;in corrispondenza;;del civico n.;65;;Veicolo in marcia contro ostacolo fisso;Pianeggiante;Una carreggiata a doppio senso;Asciutto;Asfaltata;Assente;Sereno;Scarso;Buona;Ore Diurne;0;0;0;1;12.39554;41.82206;-1;1;Autovettura privata;In marcia / fermata / arresto;Conducente;M;Illeso;0;;Non accertato;Inesploso
3110784;4;23/12/2016 15:35;Strada Urbana;VIALE FRANCO ARCALLI;da specificare;;;;prossimità via di Settebagni;Scontro laterale fra veicoli in marcia;Rettilineo;Una carreggiata a senso unico di marcia;Asciutto;Asfaltata;Verticale ed orizzontale;Sereno;Normale;Buona;Ore Diurne;1;0;0;1;12.54195;41.97053;-1;1;Autovettura privata;In marcia / fermata / arresto;Conducente;M;Illeso;0;;Non accertato;Inesploso
3110784;4;23/12/2016 15:35;Strada Urbana;VIALE FRANCO ARCALLI;da specificare;;;;prossimità via di Settebagni;Scontro laterale fra veicoli in marcia;Rettilineo;Una carreggiata a senso unico di marcia;Asciutto;Asfaltata;Verticale ed orizzontale;Sereno;Normale;Buona;Ore Diurne;1;0;0;1;12.54195;41.97053;-1;2;Motociclo a solo;In marcia / fermata / arresto;Conducente;M;Rimandato;0;NON DECEDUTO;Non accertato;
3110788;20;23/12/2016 18:50;Strada Urbana;CORSO DI FRANCIA;in prossimità;;del civico n.;247;;Scontro frontale/laterale SX fra veicoli in marcia;Rettilineo;Una carreggiata a senso unico di marcia;Asciutto;Asfaltata;Verticale ed orizzontale;Sereno;Normale;Buona;Sufficiente;0;0;0;2;12.4691;41.94619;-1;1;Autovettura privata;In marcia / fermata / arresto;Conducente;M;Illeso;0;;Non accertato;Inesploso
3110788;20;23/12/2016 18:50;Strada Urbana;CORSO DI FRANCIA;in prossimità;;del civico n.;247;;Scontro frontale/laterale SX fra veicoli in marcia;Rettilineo;Una carreggiata a senso unico di marcia;Asciutto;Asfaltata;Verticale ed orizzontale;Sereno;Normale;Buona;Sufficiente;0;0;0;2;12.4691;41.94619;-1;2;Autovettura privata;In marcia / fermata / arresto;Conducente;F;Illeso;0;;Non accertato;
3110796;13;23/12/2016 11:15;Strada Urbana;VIA PADRE MASSARUTI;in corrispondenza;;del civico n.;49;;Veicolo in marcia contro ostacolo accidentale;Rettilineo;Una carreggiata a senso unico alternato;Asciutto;Asfaltata;Orizzontale;Sereno;Normale;Buona;Ore Diurne;0;0;0;1;12.35457;41.76152;-1;1;Motociclo a solo;In marcia / fermata / arresto;Conducente;M;Illeso;0;;Non accertato;
3110806;20;23/12/2016 19:50;Strada Urbana;VIA DEL FORO ITALICO;all'intersezione semaforizzata con;VIALE DEL MINISTERO DEGLI AFFARI ESTERI;VIALE DEL MINISTERO DEGLI AFFARI ESTERI;;;Scontro laterale fra veicoli in marcia;Intersezione semaforizzata;Due carreggiate;Asciutto;Asfaltata;Verticale ed orizzontale;Sereno;Normale;Buona;Sufficiente;0;0;0;2;12.48375;41.93991;-1;1;Autovettura privata;In marcia / fermata / arresto;Conducente;F;Illeso;0;;Non accertato;
3110806;20;23/12/2016 19:50;Strada Urbana;VIA DEL FORO ITALICO;all'intersezione semaforizzata con;VIALE DEL MINISTERO DEGLI AFFARI ESTERI;VIALE DEL MINISTERO DEGLI AFFARI ESTERI;;;Scontro laterale fra veicoli in marcia;Intersezione semaforizzata;Due carreggiate;Asciutto;Asfaltata;Verticale ed orizzontale;Sereno;Normale;Buona;Sufficiente;0;0;0;2;12.48375;41.93991;-1;2;Autovettura privata;In marcia / fermata / arresto;Conducente;F;Illeso;0;;Non accertato;Inesploso
3110810;10;23/12/2016 09:15;Statale entro l'abitato;VIA APPIA NUOVA;da specificare;;;;parcheggio interno area sup. CONAD civ. 889 ;Investimento di pedone;Rettilineo;Due carreggiate;Asciutto;Asfaltata;Verticale ed orizzontale;Sereno;Intenso;Buona;Ore Diurne;1;0;0;1;12.55235;41.84353;-1;;;;Pedone;F;Rimandato;0;NON DECEDUTO;;
3110810;10;23/12/2016 09:15;Statale entro l'abitato;VIA APPIA NUOVA;da specificare;;;;parcheggio interno area sup. CONAD civ. 889 ;Investimento di pedone;Rettilineo;Due carreggiate;Asciutto;Asfaltata;Verticale ed orizzontale;Sereno;Intenso;Buona;Ore Diurne;1;0;0;1;12.55235;41.84353;-1;1;Autovettura privata;In marcia / fermata / arresto;Conducente;M;Illeso;0;;Non accertato;Inesploso
3110820;20;23/12/2016 12:20;Strada Urbana;VIA DEL FORO ITALICO;da specificare;;;;rampa uscita Ponte Milvio - via A. San Giuliano;Ribaltamento senza urto contro ostacolo fisso;Curva senza visuale libera;Una carreggiata a senso unico di marcia;Asciutto;Asfaltata;Verticale ed orizzontale;Sereno;Normale;Buona;Ore Diurne;0;0;0;2;12.46564;41.9408;-1;1;Quadriciclo leggero;In marcia / fermata / arresto;Conducente;M;Illeso;0;;Non accertato;
3110820;20;23/12/2016 12:20;Strada Urbana;VIA DEL FORO ITALICO;da specificare;;;;rampa uscita Ponte Milvio - via A. San Giuliano;Ribaltamento senza urto contro ostacolo fisso;Curva senza visuale libera;Una carreggiata a senso unico di marcia;Asciutto;Asfaltata;Verticale ed orizzontale;Sereno;Normale;Buona;Ore Diurne;0;0;0;2;12.46564;41.9408;-1;1;Quadriciclo leggero;In marcia / fermata / arresto;Passeggero;F;Illeso;0;;;
3110822;4;23/12/2016 09:55;Strada Urbana;VIA ARTURO GRAF;da specificare;;;;fronte civico 42;Veicolo in marcia contro veicolo in sosta;Rettilineo;Due carreggiate;Asciutto;Asfaltata;Orizzontale;Sereno;Normale;Buona;Ore Diurne;0;0;0;1;12.55254;41.9432;-1;2;Motociclo a solo;In marcia / fermata / arresto;Conducente;M;Illeso;0;;;
3110828;10;23/12/2016 10:00;Strada Urbana;VIA DI CASAL MORENA;all'intersezione con;VIA FRANCICA;VIA FRANCICA;;;Scontro frontale/laterale DX fra veicoli in marcia;Incrocio;Una carreggiata a doppio senso;Asciutto;Asfaltata;Verticale;Sereno;Normale;Buona;Ore Diurne;0;0;0;2;12.61774;41.81996;-1;1;Autovettura privata;In marcia / fermata / arresto;Conducente;M;Illeso;0;;Non accertato;Inesploso
3110828;10;23/12/2016 10:00;Strada Urbana;VIA DI CASAL MORENA;all'intersezione con;VIA FRANCICA;VIA FRANCICA;;;Scontro frontale/laterale DX fra veicoli in marcia;Incrocio;Una carreggiata a doppio senso;Asciutto;Asfaltata;Verticale;Sereno;Normale;Buona;Ore Diurne;0;0;0;2;12.61774;41.81996;-1;2;Autovettura privata;In marcia / fermata / arresto;Conducente;M;Illeso;0;;Non accertato;Inesploso
3110831;10;23/12/2016 09:30;Strada Urbana;VIA CISBERTO VECCHI;all'intersezione con;VIA ULDERICO MAZZOLANI;VIA ULDERICO MAZZOLANI;;;Scontro laterale fra veicoli in marcia;Incrocio;Una carreggiata a senso unico di marcia;Asciutto;Asfaltata;Verticale ed orizzontale;Sereno;Normale;Buona;Ore Diurne;0;0;0;2;12.59228;41.84712;-1;1;Autovettura privata;In marcia / fermata / arresto;Conducente;M;Illeso;0;;;
3110831;10;23/12/2016 09:30;Strada Urbana;VIA CISBERTO VECCHI;all'intersezione con;VIA ULDERICO MAZZOLANI;VIA ULDERICO MAZZOLANI;;;Scontro laterale fra veicoli in marcia;Incrocio;Una carreggiata a senso unico di marcia;Asciutto;Asfaltata;Verticale ed orizzontale;Sereno;Normale;Buona;Ore Diurne;0;0;0;2;12.59228;41.84712;-1;2;Motociclo a solo;In marcia / fermata / arresto;Conducente;M;Illeso;0;;;
3110934;13;23/12/2016 11:00;Strada Urbana;VIA CASTELLUCCHIO;all'intersezione con;VIA AZZANELLO;VIA AZZANELLO;;;Scontro frontale/laterale DX fra veicoli in marcia;Incrocio;Una carreggiata a doppio senso;Asciutto;Asfaltata;Assente;Sereno;Scarso;Sufficiente;Ore Diurne;2;0;0;0;12.32869;41.7829;-1;1;Autovettura privata;In marcia / fermata / arresto;Conducente;F;Rimandato;0;NON DECEDUTO;Non accertato;Inesploso
3110934;13;23/12/2016 11:00;Strada Urbana;VIA CASTELLUCCHIO;all'intersezione con;VIA AZZANELLO;VIA AZZANELLO;;;Scontro frontale/laterale DX fra veicoli in marcia;Incrocio;Una carreggiata a doppio senso;Asciutto;Asfaltata;Assente;Sereno;Scarso;Sufficiente;Ore Diurne;2;0;0;0;12.32869;41.7829;-1;2;Autovettura privata;In marcia / fermata / arresto;Conducente;M;Rimandato;0;NON DECEDUTO;Non accertato;Inesploso
3110936;2;24/12/2016 09:30;Strada Urbana;VIALE LIBIA;da specificare;;;;altezza PIAZZA PALOMBARA SABINA;Investimento di pedone;Rettilineo;Una carreggiata a senso unico di marcia;Asciutto;Asfaltata;Verticale ed orizzontale;Sereno;Normale;Buona;Ore Diurne;1;0;0;1;12.51916;41.93182;-1;;;;Pedone;F;Ricoverato;0;NON DECEDUTO;;
3110936;2;24/12/2016 09:30;Strada Urbana;VIALE LIBIA;da specificare;;;;altezza PIAZZA PALOMBARA SABINA;Investimento di pedone;Rettilineo;Una carreggiata a senso unico di marcia;Asciutto;Asfaltata;Verticale ed orizzontale;Sereno;Normale;Buona;Ore Diurne;1;0;0;1;12.51916;41.93182;-1;1;Autovettura privata;In marcia / fermata / arresto;Conducente;M;Illeso;0;;Non accertato;Inesploso
3110947;20;23/12/2016 16:25;Strada Urbana;VIA SAN GODENZO;in prossimità;;del civico n.;f.c. 121;;Ribaltamento senza urto contro ostacolo fisso;Curva a visuale libera;Una carreggiata a senso unico di marcia;Asciutto;Asfaltata;Assente;Sereno;Normale;Buona;Ore Diurne;0;0;0;1;12.4536;41.96402;-1;1;Autovettura privata;In marcia / fermata / arresto;Conducente;M;Illeso;0;;Non accertato;
3110956;4;23/12/2016 09:00;Strada Urbana;VIA DARIO NICCODEMI;in prossimità;;del civico n.;37;;Veicolo in marcia contro veicolo in sosta;Rettilineo;Una carreggiata a doppio senso;Asciutto;Asfaltata;Orizzontale;Sereno;Normale;Buona;Ore Diurne;0;0;0;1;12.54794;41.95298;-1;1;Autovettura privata;In marcia / fermata / arresto;Conducente;F;Illeso;0;;Non accertato;Inesploso
3110967;20;23/12/2016 09:50;Strada Urbana;VIA VALLE DELLA STORTA;in prossimità;;del civico n.;f.c.6;;Ribaltamento senza urto contro ostacolo fisso;Rettilineo;Una carreggiata a doppio senso;Asciutto;Asfaltata;Orizzontale;Sereno;Normale;Buona;Ore Diurne;1;0;0;1;12.37884;42.01012;-1;;;;Pedone;M;Rimandato;0;NON DECEDUTO;;
3110967;20;23/12/2016 09:50;Strada Urbana;VIA VALLE DELLA STORTA;in prossimità;;del civico n.;f.c.6;;Ribaltamento senza urto contro ostacolo fisso;Rettilineo;Una carreggiata a doppio senso;Asciutto;Asfaltata;Orizzontale;Sereno;Normale;Buona;Ore Diurne;1;0;0;1;12.37884;42.01012;-1;1;Autovettura privata;In marcia / fermata / arresto;Conducente;M;Illeso;0;;Non accertato;
3110978;20;24/12/2016 04:30;Strada Urbana;VIA CASSIA;in prossimità;;del civico n.;478;;Scontro frontale/laterale SX fra veicoli in marcia;Rettilineo;Una carreggiata a doppio senso;Asciutto;Asfaltata;Verticale ed orizzontale;Sereno;Scarso;Sufficiente;Sufficiente;1;0;0;2;12.45465;41.95771;-1;1;Autovettura privata;In marcia / fermata / arresto;Conducente;M;Illeso;0;;;
3110978;20;24/12/2016 04:30;Strada Urbana;VIA CASSIA;in prossimità;;del civico n.;478;;Scontro frontale/laterale SX fra veicoli in marcia;Rettilineo;Una carreggiata a doppio senso;Asciutto;Asfaltata;Verticale ed orizzontale;Sereno;Scarso;Sufficiente;Sufficiente;1;0;0;2;12.45465;41.95771;-1;2;Autovettura privata;In marcia / fermata / arresto;Conducente;F;Rimandato;0;NON DECEDUTO;;
3110978;20;24/12/2016 04:30;Strada Urbana;VIA CASSIA;in prossimità;;del civico n.;478;;Scontro frontale/laterale SX fra veicoli in marcia;Rettilineo;Una carreggiata a doppio senso;Asciutto;Asfaltata;Verticale ed orizzontale;Sereno;Scarso;Sufficiente;Sufficiente;1;0;0;2;12.45465;41.95771;-1;2;Autovettura privata;In marcia / fermata / arresto;Passeggero;M;Illeso;0;;;
3111019;4;23/12/2016 06:30;Strada Urbana;VIA VAL DI COGNE;all'intersezione con;VIA VAL DI LANZO;VIA VAL DI LANZO;;;Scontro frontale/laterale SX fra veicoli in marcia;Incrocio;Due carreggiate;Asciutto;Asfaltata;Verticale ed orizzontale;Sereno;Normale;Buona;Ore Diurne;2;0;0;0;12.52788;41.93985;-1;1;Autovettura privata;In marcia / fermata / arresto;Conducente;M;Rimandato;0;NON DECEDUTO;Non accertato;Inesploso
3111019;4;23/12/2016 06:30;Strada Urbana;VIA VAL DI COGNE;all'intersezione con;VIA VAL DI LANZO;VIA VAL DI LANZO;;;Scontro frontale/laterale SX fra veicoli in marcia;Incrocio;Due carreggiate;Asciutto;Asfaltata;Verticale ed orizzontale;Sereno;Normale;Buona;Ore Diurne;2;0;0;0;12.52788;41.93985;-1;2;Autovettura privata;In marcia / fermata / arresto;Conducente;M;Rimandato;0;NON DECEDUTO;Non accertato;Inesploso
3111034;6;24/12/2016 05:00;Strada Urbana;PIAZZA DEI MIRTI;da specificare;;;;fronte civico 15;Veicolo in marcia contro veicolo in sosta;Rotatoria;Una carreggiata a senso unico di marcia;Asciutto;Asfaltata;Verticale ed orizzontale;Sereno;Scarso;Sufficiente;Sufficiente;0;0;0;1;12.56659;41.88088;-1;1;Autovettura privata;In marcia / fermata / arresto;Conducente;M;Illeso;0;;Non accertato;Inesploso
3111064;6;24/12/2016 09:25;Strada Urbana;VIA ORESTE SALOMONE;all'intersezione con;VIA PIETRO ROVETTI;VIA PIETRO ROVETTI;;;Scontro frontale/laterale SX fra veicoli in marcia;Incrocio;Una carreggiata a senso unico di marcia;Asciutto;Asfaltata;Verticale;Sereno;Normale;Buona;Ore Diurne;1;0;0;1;12.54479;41.8778;-1;1;Autovettura privata;In marcia / fermata / arresto;Conducente;F;Illeso;0;;Non accertato;Inesploso
3111064;6;24/12/2016 09:25;Strada Urbana;VIA ORESTE SALOMONE;all'intersezione con;VIA PIETRO ROVETTI;VIA PIETRO ROVETTI;;;Scontro frontale/laterale SX fra veicoli in marcia;Incrocio;Una carreggiata a senso unico di marcia;Asciutto;Asfaltata;Verticale;Sereno;Normale;Buona;Ore Diurne;1;0;0;1;12.54479;41.8778;-1;2;Motociclo a solo;In marcia / fermata / arresto;Conducente;M;Rimandato;0;NON DECEDUTO;Utilizzato;
3111111;6;24/12/2016 15:55;Strada Urbana;VIA ROMOLO BALZANI;in corrispondenza;;del civico n.;64;;Scontro laterale fra veicoli in marcia;Rettilineo;Una carreggiata a senso unico di marcia;Asciutto;Asfaltata;Orizzontale;Sereno;Normale;Buona;Ore Diurne;0;0;0;3;12.5548;41.88069;-1;1;Autovettura privata;In marcia / fermata / arresto;Conducente;F;Illeso;0;;;
3111111;6;24/12/2016 15:55;Strada Urbana;VIA ROMOLO BALZANI;in corrispondenza;;del civico n.;64;;Scontro laterale fra veicoli in marcia;Rettilineo;Una carreggiata a senso unico di marcia;Asciutto;Asfaltata;Orizzontale;Sereno;Normale;Buona;Ore Diurne;0;0;0;3;12.5548;41.88069;-1;2;Autovettura privata;In marcia / fermata / arresto;Conducente;F;Illeso;0;;;
3111111;6;24/12/2016 15:55;Strada Urbana;VIA ROMOLO BALZANI;in corrispondenza;;del civico n.;64;;Scontro laterale fra veicoli in marcia;Rettilineo;Una carreggiata a senso unico di marcia;Asciutto;Asfaltata;Orizzontale;Sereno;Normale;Buona;Ore Diurne;0;0;0;3;12.5548;41.88069;-1;2;Autovettura privata;In marcia / fermata / arresto;Passeggero Istruttore;M;Illeso;0;;;