Protocollo;Gruppo;DataOraIncidente;Localizzazione1;STRADA1;Localizzazione2;STRADA2;Strada02;Chilometrica;DaSpecificare;NaturaIncidente;particolaritastrade;TipoStrada;FondoStradale;Pavimentazione;Segnaletica;CondizioneAtmosferica;Traffico;Visibilita;Illuminazione;NUM_FERITI;NUM_RISERVATA;NUM_MORTI;NUM_ILLESI;Longitudine;Latitudine;Confermato;Progressivo;TipoVeicolo;StatoVeicolo;TipoPersona;Sesso;Tipolesione;Deceduto;DecedutoDopo;CinturaCascoUtilizzato;Airbag
3113472;18;26/12/2016 18:10;Strada Urbana;CIRCONVALLAZIONE CORNELIA;all'intersezione con;VIA DOMENICO TARDINI;VIA DOMENICO TARDINI;;;Scontro laterale fra veicoli in marcia;Intersezione stradale segnalata;Due carreggiate;Asciutto;Asfaltata;Verticale ed orizzontale;Sereno;Normale;Sufficiente;Sufficiente;0;0;0;3;12.42587;41.90196;-1;2;Autovettura privata;In marcia / fermata / arresto;Conducente;F;Illeso;0;;Non accertato;Inesploso
3113472;18;26/12/2016 18:10;Strada Urbana;CIRCONVALLAZIONE CORNELIA;all'intersezione con;VIA DOMENICO TARDINI;VIA DOMENICO TARDINI;;;Scontro laterale fra veicoli in marcia;Intersezione stradale segnalata;Due carreggiate;Asciutto;Asfaltata;Verticale ed orizzontale;Sereno;Normale;Sufficiente;Sufficiente;0;0;0;3;12.42587;41.90196;-1;2;Autovettura privata;In marcia / fermata / arresto;Passeggero;M;Illeso;0;;Non accertato;Inesploso
3113479;12;24/12/2016 17:50;Strada Urbana;VIALE DEI CADUTI NELLA GUERRA DI LIBERAZIONE;all'intersezione con;VIA DEGLI EROI DI COO;VIA DEGLI EROI DI COO;;;Scontro frontale/laterale SX fra veicoli in marcia;Incrocio;Una carreggiata a senso unico di marcia;Asciutto;Asfaltata;Verticale ed orizzontale;Sereno;Normale;Buona;Sufficiente;1;0;0;2;12.44558;41.78752;-1;1;Autovettura privata;In marcia / fermata / arresto;Conducente;M;Illeso;0;;Utilizzato;Inesploso
3113479;12;24/12/2016 17:50;Strada Urbana;VIALE DEI CADUTI NELLA GUERRA DI LIBERAZIONE;all'intersezione con;VIA DEGLI EROI DI COO;VIA DEGLI EROI DI COO;;;Scontro frontale/laterale SX fra veicoli in marcia;Incrocio;Una carreggiata a senso unico di marcia;Asciutto;Asfaltata;Verticale ed orizzontale;Sereno;Normale;Buona;Sufficiente;1;0;0;2;12.44558;41.78752;-1;1;Autovettura privata;In marcia / fermata / arresto;Passeggero;M;Illeso;0;;Utilizzato;Inesploso
3113479;12;24/12/2016 17:50;Strada Urbana;VIALE DEI CADUTI NELLA GUERRA DI LIBERAZIONE;all'intersezione con;VIA DEGLI EROI DI COO;VIA DEGLI EROI DI COO;;;Scontro frontale/laterale SX fra veicoli in marcia;Incrocio;Una carreggiata a senso unico di marcia;Asciutto;Asfaltata;Verticale ed orizzontale;Sereno;Normale;Buona;Sufficiente;1;0;0;2;12.44558;41.78752;-1;2;Motociclo a solo;In marcia / fermata / arresto;Conducente;M;Rimandato;0;NON DECEDUTO;Utilizzato;
3113493;12;25/12/2016 19:00;Strada Urbana;VIALE BARTOLOMEO CAVACEPPI;all'intersezione con;VIA VICO CONSORTI;VIA VICO CONSORTI;;;Scontro laterale fra veicoli in marcia;Incrocio;Una carreggiata a doppio senso;Asciutto;Asfaltata;Verticale ed orizzontale;Sereno;Normale;Buona;Sufficiente;0;0;0;3;12.43222;41.79582;-1;1;Autovettura privata;In marcia / fermata / arresto;Conducente;M;Illeso;0;;Utilizzato;Inesploso
3113493;12;25/12/2016 19:00;Strada Urbana;VIALE BARTOLOMEO CAVACEPPI;all'intersezione con;VIA VICO CONSORTI;VIA VICO CONSORTI;;;Scontro laterale fra veicoli in marcia;Incrocio;Una carreggiata a doppio senso;Asciutto;Asfaltata;Verticale ed orizzontale;Sereno;Normale;Buona;Sufficiente;0;0;0;3;12.43222;41.79582;-1;1;Autovettura privata;In marcia / fermata / arresto;Passeggero;M;Illeso;0;;;
3113493;12;25/12/2016 19:00;Strada Urbana;VIALE BARTOLOMEO CAVACEPPI;all'intersezione con;VIA VICO CONSORTI;VIA VICO CONSORTI;;;Scontro laterale fra veicoli in marcia;Incrocio;Una carreggiata a doppio senso;Asciutto;Asfaltata;Verticale ed orizzontale;Sereno;Normale;Buona;Sufficiente;0;0;0;3;12.43222;41.79582;-1;2;Autovettura privata;In marcia / fermata / arresto;Conducente;M;Illeso;0;;Utilizzato;Inesploso
3113497;18;26/12/2016 23:40;Statale;VIA AURELIA;in prossimità;;del civico n.;1224;;Veicolo in marcia contro ostacolo fisso;Rettilineo;Due carreggiate;Asciutto;Asfaltata;Orizzontale;Sereno;Normale;Buona;Sufficiente;1;0;0;0;12.37848;41.88331;-1;1;Autovettura privata;In marcia / fermata / arresto;Conducente;F;Rimandato;0;NON DECEDUTO;Non accertato;
3113514;9;27/12/2016 13:50;Strada Urbana;VIA BRITANNIA;all'intersezione semaforizzata con;PIAZZA TUSCOLO;PIAZZA TUSCOLO;;;Investimento di pedone;Intersezione semaforizzata;Una carreggiata a doppio senso;Asciutto;Asfaltata;Verticale ed orizzontale;Sereno;Normale;Buona;Ore Diurne;0;0;0;2;12.50823;41.8794;-1;;;;Pedone;F;Illeso;0;;;
3113514;9;27/12/2016 13:50;Strada Urbana;VIA BRITANNIA;all'intersezione semaforizzata con;PIAZZA TUSCOLO;PIAZZA TUSCOLO;;;Investimento di pedone;Intersezione semaforizzata;Una carreggiata a doppio senso;Asciutto;Asfaltata;Verticale ed orizzontale;Sereno;Normale;Buona;Ore Diurne;0;0;0;2;12.50823;41.8794;-1;1;Motociclo a solo;In marcia / fermata / arresto;Conducente;M;Illeso;0;;Non accertato;
3113523;2;27/12/2016 13:00;Strada Urbana;VIALE ERITREA;da specificare;;;;altezza via Lucrino;Investimento di pedone;Rettilineo;Una carreggiata a senso unico di marcia;Asciutto;Asfaltata;Verticale ed orizzontale;Sereno;Normale;Buona;Ore Diurne;1;0;1;1;12.5155;41.92839;-1;;;;Pedone;F;Deceduto durante trasporto;-1;;;
3113523;2;27/12/2016 13:00;Strada Urbana;VIALE ERITREA;da specificare;;;;altezza via Lucrino;Investimento di pedone;Rettilineo;Una carreggiata a senso unico di marcia;Asciutto;Asfaltata;Verticale ed orizzontale;Sereno;Normale;Buona;Ore Diurne;1;0;1;1;12.5155;41.92839;-1;;;;Pedone;F;Rimandato;0;NON DECEDUTO;;
3113523;2;27/12/2016 13:00;Strada Urbana;VIALE ERITREA;da specificare;;;;altezza via Lucrino;Investimento di pedone;Rettilineo;Una carreggiata a senso unico di marcia;Asciutto;Asfaltata;Verticale ed orizzontale;Sereno;Normale;Buona;Ore Diurne;1;0;1;1;12.5155;41.92839;-1;1;Autovettura privata;In marcia / fermata / arresto;Conducente;M;Illeso;0;;;
3113526;12;25/12/2016 12:20;Strada Urbana;VIA LAURENTINA;da specificare;;;;alt. Gra dir. Roma centro tra Gra-distr.IP;Veicolo in marcia contro ostacolo fisso;Rettilineo;Due carreggiate;Asciutto;Asfaltata;Verticale ed orizzontale;Sereno;Intenso;Buona;Ore Diurne;0;0;0;4;12.48113;41.79821;-1;1;Autovettura privata;In marcia / fermata / arresto;Conducente;M;Illeso;0;;Utilizzato;Inesploso
3113526;12;25/12/2016 12:20;Strada Urbana;VIA LAURENTINA;da specificare;;;;alt. Gra dir. Roma centro tra Gra-distr.IP;Veicolo in marcia contro ostacolo fisso;Rettilineo;Due carreggiate;Asciutto;Asfaltata;Verticale ed orizzontale;Sereno;Intenso;Buona;Ore Diurne;0;0;0;4;12.48113;41.79821;-1;1;Autovettura privata;In marcia / fermata / arresto;Passeggero;M;Illeso;0;;Utilizzato;Inesploso
3113526;12;25/12/2016 12:20;Strada Urbana;VIA LAURENTINA;da specificare;;;;alt. Gra dir. Roma centro tra Gra-distr.IP;Veicolo in marcia contro ostacolo fisso;Rettilineo;Due carreggiate;Asciutto;Asfaltata;Verticale ed orizzontale;Sereno;Intenso;Buona;Ore Diurne;0;0;0;4;12.48113;41.79821;-1;1;Autovettura privata;In marcia / fermata / arresto;Passeggero;M;Illeso;0;;Utilizzato;Inesploso
3113526;12;25/12/2016 12:20;Strada Urbana;VIA LAURENTINA;da specificare;;;;alt. Gra dir. Roma centro tra Gra-distr.IP;Veicolo in marcia contro ostacolo fisso;Rettilineo;Due carreggiate;Asciutto;Asfaltata;Verticale ed orizzontale;Sereno;Intenso;Buona;Ore Diurne;0;0;0;4;12.48113;41.79821;-1;1;Autovettura privata;In marcia / fermata / arresto;Passeggero;M;Illeso;0;;Non utilizzato;Inesploso
3113537;12;26/12/2016 22:00;Strada Urbana;VIA DI TRIGORIA;da specificare;;;;dir. Laurentina mt 300 P.le D. Viola palo Acea 117;Fuoriuscita dalla sede stradale;Curva senza visuale libera;Una carreggiata a doppio senso;Bagnato (brina);Asfaltata;Verticale ed orizzontale;Nebbia;Scarso;Insufficiente;Inesistente;2;0;0;0;12.46297;41.7463;-1;1;Autovettura privata;In marcia / fermata / arresto;Conducente;M;Rimandato;0;NON DECEDUTO;Non accertato;Esploso
3113537;12;26/12/2016 22:00;Strada Urbana;VIA DI TRIGORIA;da specificare;;;;dir. Laurentina mt 300 P.le D. Viola palo Acea 117;Fuoriuscita dalla sede stradale;Curva senza visuale libera;Una carreggiata a doppio senso;Bagnato (brina);Asfaltata;Verticale ed orizzontale;Nebbia;Scarso;Insufficiente;Inesistente;2;0;0;0;12.46297;41.7463;-1;1;Autovettura privata;In marcia / fermata / arresto;Passeggero;F;Rimandato;0;NON DECEDUTO;;
3113546;12;27/12/2016 03:55;Strada Urbana;PIAZZA BARCELLONA;all'intersezione con;VIALE ROMOLO MURRI;VIALE ROMOLO MURRI;;;Veicolo in marcia contro ostacolo fisso;Incrocio;Una carreggiata a doppio senso;Asciutto;Asfaltata;Verticale ed orizzontale;Sereno;Scarso;Sufficiente;Sufficiente;2;0;0;0;12.46984;41.83997;-1;1;Autovettura privata;In marcia / fermata / arresto;Conducente;M;Rimandato;0;NON DECEDUTO;Utilizzato;Inesploso
3113546;12;27/12/2016 03:55;Strada Urbana;PIAZZA BARCELLONA;all'intersezione con;VIALE ROMOLO MURRI;VIALE ROMOLO MURRI;;;Veicolo in marcia contro ostacolo fisso;Incrocio;Una carreggiata a doppio senso;Asciutto;Asfaltata;Verticale ed orizzontale;Sereno;Scarso;Sufficiente;Sufficiente;2;0;0;0;12.46984;41.83997;-1;1;Autovettura privata;In marcia / fermata / arresto;Passeggero;M;Rimandato;0;NON DECEDUTO;Utilizzato;Inesploso
3113548;12;27/12/2016 11:30;Strada Urbana;VIALE STEFANO GRADI;da specificare;;;;altezza Via B. Stay;Veicolo in marcia contro ostacolo accidentale;Pendenza;Due carreggiate;Asciutto;Asfaltata;Verticale ed orizzontale;Sereno;Scarso;Buona;Ore Diurne;0;0;0;2;12.50538;41.82648;-1;1;Autovettura privata;In marcia / fermata / arresto;Conducente;M;Illeso;0;;Utilizzato;Inesploso
3113548;12;27/12/2016 11:30;Strada Urbana;VIALE STEFANO GRADI;da specificare;;;;altezza Via B. Stay;Veicolo in marcia contro ostacolo accidentale;Pendenza;Due carreggiate;Asciutto;Asfaltata;Verticale ed orizzontale;Sereno;Scarso;Buona;Ore Diurne;0;0;0;2;12.50538;41.82648;-1;1;Autovettura privata;In marcia / fermata / arresto;Passeggero;M;Illeso;0;;Utilizzato;Inesploso
3113553;12;27/12/2016 16:20;Strada Urbana;VIA FIUME BIANCO;in corrispondenza;;del civico n.;130;;Tamponamento Multiplo;Rotatoria;Una carreggiata a doppio senso;Asciutto;Asfaltata;Verticale ed orizzontale;Sereno;Normale;Buona;Ore Diurne;0;0;0;4;12.4412;41.81485;-1;1;Autovettura privata;In marcia / fermata / arresto;Conducente;M;Illeso;0;;Non accertato;Inesploso
3113553;12;27/12/2016 16:20;Strada Urbana;VIA FIUME BIANCO;in corrispondenza;;del civico n.;130;;Tamponamento Multiplo;Rotatoria;Una carreggiata a doppio senso;Asciutto;Asfaltata;Verticale ed orizzontale;Sereno;Normale;Buona;Ore Diurne;0;0;0;4;12.4412;41.81485;-1;2;Autovettura privata;In marcia / fermata / arresto;Conducente;M;Illeso;0;;Non accertato;Inesploso
3113553;12;27/12/2016 16:20;Strada Urbana;VIA FIUME BIANCO;in corrispondenza;;del civico n.;130;;Tamponamento Multiplo;Rotatoria;Una carreggiata a doppio senso;Asciutto;Asfaltata;Verticale ed orizzontale;Sereno;Normale;Buona;Ore Diurne;0;0;0;4;12.4412;41.81485;-1;2;Autovettura privata;In marcia / fermata / arresto;Passeggero;M;Illeso;0;;Utilizzato;Inesploso
3113553;12;27/12/2016 16:20;Strada Urbana;VIA FIUME BIANCO;in corrispondenza;;del civico n.;130;;Tamponamento Multiplo;Rotatoria;Una carreggiata a doppio senso;Asciutto;Asfaltata;Verticale ed orizzontale;Sereno;Normale;Buona;Ore Diurne;0;0;0;4;12.4412;41.81485;-1;3;Autovettura privata;In marcia / fermata / arresto;Conducente;M;Illeso;0;;Non accertato;Inesploso
3113555;7;27/12/2016 18:38;Strada Urbana;VIA ROBERTO LEPETIT;all'intersezione con;VIA DAVIDE CAMPARI;VIA DAVIDE CAMPARI;;;Scontro frontale/laterale SX fra veicoli in marcia;Incrocio;Una carreggiata a doppio senso;Asciutto;Asfaltata;Verticale ed orizzontale;Sereno;Normale;Sufficiente;Insufficiente;0;0;0;2;12.58604;41.88848;-1;1;Autovettura privata;In marcia / fermata / arresto;Conducente;F;Illeso;0;;Non accertato;Inesploso
3113555;7;27/12/2016 18:38;Strada Urbana;VIA ROBERTO LEPETIT;all'intersezione con;VIA DAVIDE CAMPARI;VIA DAVIDE CAMPARI;;;Scontro frontale/laterale SX fra veicoli in marcia;Incrocio;Una carreggiata a doppio senso;Asciutto;Asfaltata;Verticale ed orizzontale;Sereno;Normale;Sufficiente;Insufficiente;0;0;0;2;12.58604;41.88848;-1;2;Autovettura privata;Allontanatosi;Conducente;F;Illeso;0;;Non accertato;Inesploso
3113561;17;27/12/2016 18:00;Strada Urbana;PIAZZA CAVOUR;in prossimità;;del civico n.;33;;Scontro laterale fra veicoli in marcia;Rettilineo;Una carreggiata a doppio senso;Asciutto;Asfaltata;Orizzontale;Sereno;Normale;Buona;Sufficiente;0;0;0;2;12.47094;41.90541;-1;1;Autovettura privata;In marcia / fermata / arresto;Conducente;M;Illeso;0;;;
3113561;17;27/12/2016 18:00;Strada Urbana;PIAZZA CAVOUR;in prossimità;;del civico n.;33;;Scontro laterale fra veicoli in marcia;Rettilineo;Una carreggiata a doppio senso;Asciutto;Asfaltata;Orizzontale;Sereno;Normale;Buona;Sufficiente;0;0;0;2;12.47094;41.90541;-1;2;Quadriciclo leggero;In marcia / fermata / arresto;Conducente;F;Illeso;0;;;
3113583;15;27/12/2016 19:10;Strada Urbana;VIA CAMPAGNATICO;all'intersezione con;VIA DI S. RAFFAELE;VIA DI S. RAFFAELE;;;Scontro frontale/laterale DX fra veicoli in marcia;Incrocio;Una carreggiata a doppio senso;Asciutto;Asfaltata;Verticale;Sereno;Scarso;Sufficiente;Sufficiente;1;0;0;1;12.43736;41.8431;-1;1;Autovettura privata;In marcia / fermata / arresto;Conducente;M;Illeso;0;;Non accertato;Inesploso
3113583;15;27/12/2016 19:10;Strada Urbana;VIA CAMPAGNATICO;all'intersezione con;VIA DI S. RAFFAELE;VIA DI S. RAFFAELE;;;Scontro frontale/laterale DX fra veicoli in marcia;Incrocio;Una carreggiata a doppio senso;Asciutto;Asfaltata;Verticale;Sereno;Scarso;Sufficiente;Sufficiente;1;0;0;1;12.43736;41.8431;-1;2;Autovettura privata;In marcia / fermata / arresto;Conducente;M;Rimandato;0;NON DECEDUTO;Non accertato;Inesploso
3113645;6;27/12/2016 12:55;Strada Urbana;VIALE DELLA SERENISSIMA;da specificare;;;;fronte civ. 69/71;Investimento di pedone;Rettilineo;Più di due carreggiate;Asciutto;Asfaltata;Orizzontale;Sereno;Normale;Buona;Ore Diurne;0;0;1;2;12.55867;41.89697;-1;;;;Pedone;M;Deceduto durante trasporto;-1;;;
3113645;6;27/12/2016 12:55;Strada Urbana;VIALE DELLA SERENISSIMA;da specificare;;;;fronte civ. 69/71;Investimento di pedone;Rettilineo;Più di due carreggiate;Asciutto;Asfaltata;Orizzontale;Sereno;Normale;Buona;Ore Diurne;0;0;1;2;12.55867;41.89697;-1;1;Veicolo speciale;In marcia / fermata / arresto;Conducente;M;Illeso;0;;Non accertato;Inesploso
3113645;6;27/12/2016 12:55;Strada Urbana;VIALE DELLA SERENISSIMA;da specificare;;;;fronte civ. 69/71;Investimento di pedone;Rettilineo;Più di due carreggiate;Asciutto;Asfaltata;Orizzontale;Sereno;Normale;Buona;Ore Diurne;0;0;1;2;12.55867;41.89697;-1;1;Veicolo speciale;In marcia / fermata / arresto;Passeggero;M;Illeso;0;;Non accertato;Inesploso
3113797;11;27/12/2016 11:00;Strada Urbana;VIA OSTIENSE;da specificare;;;;alt. civ.131;Tamponamento;Rettilineo;Più di due carreggiate;Asciutto;Asfaltata;Verticale ed orizzontale;Sereno;Normale;Buona;Ore Diurne;1;0;0;1;12.48015;41.86551;-1;1;Autovettura privata;In marcia / fermata / arresto;Conducente;M;Illeso;0;;;
3113797;11;27/12/2016 11:00;Strada Urbana;VIA OSTIENSE;da specificare;;;;alt. civ.131;Tamponamento;Rettilineo;Più di due carreggiate;Asciutto;Asfaltata;Verticale ed orizzontale;Sereno;Normale;Buona;Ore Diurne;1;0;0;1;12.48015;41.86551;-1;2;Autovettura privata;In marcia / fermata / arresto;Conducente;F;Rimandato;0;NON DECEDUTO;;
3113800;11;27/12/2016 23:30;Strada Urbana;VIA DI GROTTA PERFETTA;all'intersezione semaforizzata con;VIA ATTILIO AMBROSINI;VIA ATTILIO AMBROSINI;;;Scontro frontale/laterale SX fra veicoli in marcia;Intersezione semaforizzata;Una carreggiata a doppio senso;Asciutto;Asfaltata;Verticale ed orizzontale;Sereno;Normale;Buona;Sufficiente;0;0;0;3;12.48765;41.84747;-1;1;Autovettura privata;In marcia / fermata / arresto;Conducente;M;Illeso;0;;Non accertato;
3113800;11;27/12/2016 23:30;Strada Urbana;VIA DI GROTTA PERFETTA;all'intersezione semaforizzata con;VIA ATTILIO AMBROSINI;VIA ATTILIO AMBROSINI;;;Scontro frontale/laterale SX fra veicoli in marcia;Intersezione semaforizzata;Una carreggiata a doppio senso;Asciutto;Asfaltata;Verticale ed orizzontale;Sereno;Normale;Buona;Sufficiente;0;0;0;3;12.48765;41.84747;-1;2;Autovettura privata;In marcia / fermata / arresto;Conducente;M;Illeso;0;;Non accertato;
3113800;11;27/12/2016 23:30;Strada Urbana;VIA DI GROTTA PERFETTA;all'intersezione semaforizzata con;VIA ATTILIO AMBROSINI;VIA ATTILIO AMBROSINI;;;Scontro frontale/laterale SX fra veicoli in marcia;Intersezione semaforizzata;Una carreggiata a doppio senso;Asciutto;Asfaltata;Verticale ed orizzontale;Sereno;Normale;Buona;Sufficiente;0;0;0;3;12.48765;41.84747;-1;2;Autovettura privata;In marcia / fermata / arresto;Passeggero;M;Illeso;0;;Non accertato;
3113815;8;27/12/2016 08:45;Strada Urbana;VIA DI TORRENOVA;in corrispondenza;;del civico n.;150;;Investimento di pedone;Rettilineo;Una carreggiata a doppio senso;Asciutto;Asfaltata;Verticale ed orizzontale;Sereno;Normale;Buona;Ore Diurne;1;0;0;1;12.61933;41.87391;-1;;;;Pedone;F;Rimandato;0;NON DECEDUTO;;
3113815;8;27/12/2016 08:45;Strada Urbana;VIA DI TORRENOVA;in corrispondenza;;del civico n.;150;;Investimento di pedone;Rettilineo;Una carreggiata a doppio senso;Asciutto;Asfaltata;Verticale ed orizzontale;Sereno;Normale;Buona;Ore Diurne;1;0;0;1;12.61933;41.87391;-1;1;Autovettura privata;In marcia / fermata / arresto;Conducente;F;Illeso;0;;Non accertato;Inesploso
3113821;8;27/12/2016 12:00;Provinciale entro l'abitato;VIA PRENESTINA;all'intersezione con;RAMPA USCITA G.R.A. CARREGGIATA INTERNA;RAMPA USCITA G.R.A. CARREGGIATA INTERNA;;;Scontro laterale fra veicoli in marcia;Intersezione non regolata/non segnalata;Una carreggiata a doppio senso;Asciutto;Asfaltata;Verticale ed orizzontale;Sereno;Normale;Buona;Ore Diurne;0;0;0;3;12.61678;41.89327;-1;1;Autovettura privata;In marcia / fermata / arresto;Conducente;M;Illeso;0;;Non accertato;Inesploso
3113821;8;27/12/2016 12:00;Provinciale entro l'abitato;VIA PRENESTINA;all'intersezione con;RAMPA USCITA G.R.A. CARREGGIATA INTERNA;RAMPA USCITA G.R.A. CARREGGIATA INTERNA;;;Scontro laterale fra veicoli in marcia;Intersezione non regolata/non segnalata;Una carreggiata a doppio senso;Asciutto;Asfaltata;Verticale ed orizzontale;Sereno;Normale;Buona;Ore Diurne;0;0;0;3;12.61678;41.89327;-1;1;Autovettura privata;In marcia / fermata / arresto;Passeggero;F;Illeso;0;;Non accertato;Inesploso
3113821;8;27/12/2016 12:00;Provinciale entro l'abitato;VIA PRENESTINA;all'intersezione con;RAMPA USCITA G.R.A. CARREGGIATA INTERNA;RAMPA USCITA G.R.A. CARREGGIATA INTERNA;;;Scontro laterale fra veicoli in marcia;Intersezione non regolata/non segnalata;Una carreggiata a doppio senso;Asciutto;Asfaltata;Verticale ed orizzontale;Sereno;Normale;Buona;Ore Diurne;0;0;0;3;12.61678;41.89327;-1;2;Autocarro inferiore 35 q.;In marcia / fermata / arresto;Conducente;M;Illeso;0;;Non accertato;Inesploso
3113825;8;27/12/2016 14:15;Statale entro l'abitato;VIA CASILINA;all'intersezione con;VIA DI TORRENOVA;VIA DI TORRENOVA;;;Scontro frontale/laterale DX fra veicoli in marcia;Incrocio;Una carreggiata a doppio senso;Asciutto;Asfaltata;Verticale ed orizzontale;Sereno;Normale;Buona;Ore Diurne;0;0;0;2;12.61902;41.8637;-1;1;Autovettura privata;In marcia / fermata / arresto;Conducente;M;Illeso;0;;Non accertato;Inesploso
3113825;8;27/12/2016 14:15;Statale entro l'abitato;VIA CASILINA;all'intersezione con;VIA DI TORRENOVA;VIA DI TORRENOVA;;;Scontro frontale/laterale DX fra veicoli in marcia;Incrocio;Una carreggiata a doppio senso;Asciutto;Asfaltata;Verticale ed orizzontale;Sereno;Normale;Buona;Ore Diurne;0;0;0;2;12.61902;41.8637;-1;2;Autovettura privata;In marcia / fermata / arresto;Conducente;M;Illeso;0;;Non accertato;Inesploso
3113826;17;27/12/2016 12:10;Strada Urbana;VIA MARCANTONIO COLONNA;all'intersezione con;VIA DEI GRACCHI;VIA DEI GRACCHI;;;Scontro frontale/laterale SX fra veicoli in marcia;Intersezione stradale segnalata;Una carreggiata a doppio senso;Asciutto;Asfaltata;Verticale ed orizzontale;Sereno;Normale;Buona;Ore Diurne;2;0;0;1;12.46693;41.91006;-1;1;Autobus urbano;In marcia / fermata / arresto;Conducente;M;Illeso;0;;Non accertato;Inesploso
3113826;17;27/12/2016 12:10;Strada Urbana;VIA MARCANTONIO COLONNA;all'intersezione con;VIA DEI GRACCHI;VIA DEI GRACCHI;;;Scontro frontale/laterale SX fra veicoli in marcia;Intersezione stradale segnalata;Una carreggiata a doppio senso;Asciutto;Asfaltata;Verticale ed orizzontale;Sereno;Normale;Buona;Ore Diurne;2;0;0;1;12.46693;41.91006;-1;1;Autobus urbano;In marcia / fermata / arresto;Passeggero;M;Rimandato;0;NON DECEDUTO;Non accertato;Inesploso
3113826;17;27/12/2016 12:10;Strada Urbana;VIA MARCANTONIO COLONNA;all'intersezione con;VIA DEI GRACCHI;VIA DEI GRACCHI;;;Scontro frontale/laterale SX fra veicoli in marcia;Intersezione stradale segnalata;Una carreggiata a doppio senso;Asciutto;Asfaltata;Verticale ed orizzontale;Sereno;Normale;Buona;Ore Diurne;2;0;0;1;12.46693;41.91006;-1;2;Autovettura privata;In marcia / fermata / arresto;Conducente;M;Ricoverato;0;NON DECEDUTO;Utilizzato;Inesploso
3113829;5;27/12/2016 13:00;Strada Urbana;VIA NINO TAMASSIA;all'intersezione con;VIA ROSARIO NICOLO';VIA ROSARIO NICOLO';;;Scontro frontale/laterale DX fra veicoli in marcia;Incrocio;Una carreggiata a doppio senso;Asciutto;Asfaltata;Verticale ed orizzontale;Sereno;Normale;Buona;Ore Diurne;0;0;0;2;12.58769;41.94575;-1;1;Autovettura privata;In marcia / fermata / arresto;Conducente;F;Illeso;0;;Non accertato;Inesploso
3113829;5;27/12/2016 13:00;Strada Urbana;VIA NINO TAMASSIA;all'intersezione con;VIA ROSARIO NICOLO';VIA ROSARIO NICOLO';;;Scontro frontale/laterale DX fra veicoli in marcia;Incrocio;Una carreggiata a doppio senso;Asciutto;Asfaltata;Verticale ed orizzontale;Sereno;Normale;Buona;Ore Diurne;0;0;0;2;12.58769;41.94575;-1;2;Autovettura privata;In marcia / fermata / arresto;Conducente;M;Illeso;0;;Non accertato;Inesploso
3113830;8;27/12/2016 20:30;Strada Urbana;VIA DEGLI STORNI;all'intersezione con;PIAZZA DEI CIGNI;PIAZZA DEI CIGNI;;;Scontro laterale fra veicoli in marcia;Incrocio;Una carreggiata a senso unico di marcia;Asciutto;Asfaltata;Verticale;Sereno;Scarso;Sufficiente;Sufficiente;0;0;0;2;12.59502;41.86525;-1;1;Autovettura privata;In marcia / fermata / arresto;Conducente;M;Illeso;0;;Non accertato;Inesploso
3113830;8;27/12/2016 20:30;Strada Urbana;VIA DEGLI STORNI;all'intersezione con;PIAZZA DEI CIGNI;PIAZZA DEI CIGNI;;;Scontro laterale fra veicoli in marcia;Incrocio;Una carreggiata a senso unico di marcia;Asciutto;Asfaltata;Verticale;Sereno;Scarso;Sufficiente;Sufficiente;0;0;0;2;12.59502;41.86525;-1;2;Autovettura privata;In marcia / fermata / arresto;Conducente;F;Illeso;0;;Non accertato;Inesploso
3113831;8;27/12/2016 23:20;Statale entro l'abitato;VIA CASILINA;in prossimità;;del civico n.;1805/F;;Scontro laterale fra veicoli in marcia;Rettilineo;Una carreggiata a doppio senso;Asciutto;Asfaltata;Verticale ed orizzontale;Sereno;Scarso;Buona;Sufficiente;0;0;0;4;12.67946;41.86316;-1;1;Autovettura privata;In marcia / fermata / arresto;Conducente;M;Illeso;0;;Non accertato;Inesploso
3113831;8;27/12/2016 23:20;Statale entro l'abitato;VIA CASILINA;in prossimità;;del civico n.;1805/F;;Scontro laterale fra veicoli in marcia;Rettilineo;Una carreggiata a doppio senso;Asciutto;Asfaltata;Verticale ed orizzontale;Sereno;Scarso;Buona;Sufficiente;0;0;0;4;12.67946;41.86316;-1;1;Autovettura privata;In marcia / fermata / arresto;Passeggero;M;Illeso;0;;Non accertato;Inesploso
3113831;8;27/12/2016 23:20;Statale entro l'abitato;VIA CASILINA;in prossimità;;del civico n.;1805/F;;Scontro laterale fra veicoli in marcia;Rettilineo;Una carreggiata a doppio senso;Asciutto;Asfaltata;Verticale ed orizzontale;Sereno;Scarso;Buona;Sufficiente;0;0;0;4;12.67946;41.86316;-1;1;Autovettura privata;In marcia / fermata / arresto;Passeggero;M;Illeso;0;;Non accertato;Inesploso
3113831;8;27/12/2016 23:20;Statale entro l'abitato;VIA CASILINA;in prossimità;;del civico n.;1805/F;;Scontro laterale fra veicoli in marcia;Rettilineo;Una carreggiata a doppio senso;Asciutto;Asfaltata;Verticale ed orizzontale;Sereno;Scarso;Buona;Sufficiente;0;0;0;4;12.67946;41.86316;-1;2;Autovettura privata;In marcia / fermata / arresto;Conducente;M;Illeso;0;;Non accertato;Inesploso