Protocollo;Gruppo;DataOraIncidente;Localizzazione1;STRADA1;Localizzazione2;STRADA2;Strada02;Chilometrica;DaSpecificare;NaturaIncidente;particolaritastrade;TipoStrada;FondoStradale;Pavimentazione;Segnaletica;CondizioneAtmosferica;Traffico;Visibilita;Illuminazione;NUM_FERITI;NUM_RISERVATA;NUM_MORTI;NUM_ILLESI;Longitudine;Latitudine;Confermato;Progressivo;TipoVeicolo;StatoVeicolo;TipoPersona;Sesso;Tipolesione;Deceduto;DecedutoDopo;CinturaCascoUtilizzato;Airbag
3114209;6;27/12/2016 23:35;Strada Urbana;VIA DEI LENTULI;in corrispondenza;;del civico n.;8;;Veicolo in marcia contro veicolo in sosta;Rettilineo;Una carreggiata a senso unico di marcia;Asciutto;Asfaltata;Verticale ed orizzontale;Sereno;Scarso;Sufficiente;Sufficiente;0;0;0;1;12.54774;41.86414;-1;1;Autovettura privata;In marcia / fermata / arresto;Conducente;F;Illeso;0;;Non accertato;Inesploso
3114266;15;28/12/2016 12:15;Strada Urbana;VIA DELLA MAGLIANA;da specificare;;;;prossimità intersezione con Via Caprese;Tamponamento;Rettilineo;Una carreggiata a doppio senso;Asciutto;Asfaltata;Orizzontale;Sereno;Normale;Buona;Ore Diurne;0;0;0;2;12.45809;41.84807;-1;1;Autovettura privata;In marcia / fermata / arresto;Conducente;M;Illeso;0;;Non accertato;Inesploso
3114266;15;28/12/2016 12:15;Strada Urbana;VIA DELLA MAGLIANA;da specificare;;;;prossimità intersezione con Via Caprese;Tamponamento;Rettilineo;Una carreggiata a doppio senso;Asciutto;Asfaltata;Orizzontale;Sereno;Normale;Buona;Ore Diurne;0;0;0;2;12.45809;41.84807;-1;2;Autovettura privata;In marcia / fermata / arresto;Conducente;M;Illeso;0;;Non accertato;Inesploso
3114278;4;27/12/2016 11:30;Provinciale entro l'abitato;VIA ETTORE ROMAGNOLI;all'intersezione con;VIA NOMENTANA;VIA NOMENTANA;;;Tamponamento;Intersezione stradale segnalata;Due carreggiate;Asciutto;Asfaltata;Verticale ed orizzontale;Grandine in atto;Intenso;Insufficiente;Ore Diurne;0;0;0;2;12.54633;41.93868;-1;1;Autovettura privata;In marcia / fermata / arresto;Conducente;M;Illeso;0;;Non accertato;Inesploso
3114278;4;27/12/2016 11:30;Provinciale entro l'abitato;VIA ETTORE ROMAGNOLI;all'intersezione con;VIA NOMENTANA;VIA NOMENTANA;;;Tamponamento;Intersezione stradale segnalata;Due carreggiate;Asciutto;Asfaltata;Verticale ed orizzontale;Grandine in atto;Intenso;Insufficiente;Ore Diurne;0;0;0;2;12.54633;41.93868;-1;2;Autovettura privata;In marcia / fermata / arresto;Conducente;M;Illeso;0;;Non accertato;Inesploso
3114290;1;28/12/2016 09:00;Strada Urbana;LUNGOTEVERE TOR DI NONA;all'intersezione con;VIA DELLA RONDINELLA;VIA DELLA RONDINELLA;;;Infortunio per sola frenata improvvisa;Incrocio;Una carreggiata a senso unico di marcia;Asciutto;Asfaltata;Verticale;Sereno;Intenso;Buona;Ore Diurne;1;0;0;1;12.46842;41.90136;-1;1;Autovettura privata;In marcia / fermata / arresto;Conducente;M;Illeso;0;;Non accertato;Inesploso
3114290;1;28/12/2016 09:00;Strada Urbana;LUNGOTEVERE TOR DI NONA;all'intersezione con;VIA DELLA RONDINELLA;VIA DELLA RONDINELLA;;;Infortunio per sola frenata improvvisa;Incrocio;Una carreggiata a senso unico di marcia;Asciutto;Asfaltata;Verticale;Sereno;Intenso;Buona;Ore Diurne;1;0;0;1;12.46842;41.90136;-1;2;Motociclo a solo;In marcia / fermata / arresto;Conducente;M;Rimandato;0;NON DECEDUTO;;
3114303;16;27/12/2016 11:30;Strada Urbana;VIA LEONE XIII;da specificare;;;;altezza civico 75 (ingresso Villa Pamphili);Infortunio per sola frenata improvvisa;Rettilineo;Due carreggiate;Asciutto;Asfaltata;Verticale ed orizzontale;Sereno;Normale;Buona;Ore Diurne;0;0;0;2;12.44036;41.88794;-1;1;Motociclo a solo;In marcia / fermata / arresto;Conducente;M;Illeso;0;;Non accertato;
3114303;16;27/12/2016 11:30;Strada Urbana;VIA LEONE XIII;da specificare;;;;altezza civico 75 (ingresso Villa Pamphili);Infortunio per sola frenata improvvisa;Rettilineo;Due carreggiate;Asciutto;Asfaltata;Verticale ed orizzontale;Sereno;Normale;Buona;Ore Diurne;0;0;0;2;12.44036;41.88794;-1;2;Autovettura privata;In marcia / fermata / arresto;Conducente;M;Illeso;0;;Non accertato;Inesploso
3114358;9;28/12/2016 12:00;Strada Urbana;VIA APPIA NUOVA;da specificare;;;;FR. 302;Investimento di pedone;Rettilineo;Due carreggiate;Asciutto;Asfaltata;Verticale ed orizzontale;Sereno;Normale;Buona;Ore Diurne;1;0;0;1;12.51788;41.87855;-1;;;;Pedone;M;Rimandato;0;NON DECEDUTO;;
3114358;9;28/12/2016 12:00;Strada Urbana;VIA APPIA NUOVA;da specificare;;;;FR. 302;Investimento di pedone;Rettilineo;Due carreggiate;Asciutto;Asfaltata;Verticale ed orizzontale;Sereno;Normale;Buona;Ore Diurne;1;0;0;1;12.51788;41.87855;-1;1;Autovettura privata;In marcia / fermata / arresto;Conducente;M;Illeso;0;;Non accertato;Inesploso
3114362;4;27/12/2016 10:55;Strada Urbana;VIA DI CASAL BOCCONE;all'intersezione con;VIA GRAZIA DELEDDA;VIA GRAZIA DELEDDA;;;Scontro frontale/laterale SX fra veicoli in marcia;Intersezione non regolata/non segnalata;Una carreggiata a doppio senso;Asciutto;Asfaltata;Verticale ed orizzontale;Sereno;Normale;Buona;Ore Diurne;0;0;0;2;12.56517;41.94726;-1;1;Autovettura privata;In marcia / fermata / arresto;Conducente;F;Illeso;0;;Non accertato;Inesploso
3114362;4;27/12/2016 10:55;Strada Urbana;VIA DI CASAL BOCCONE;all'intersezione con;VIA GRAZIA DELEDDA;VIA GRAZIA DELEDDA;;;Scontro frontale/laterale SX fra veicoli in marcia;Intersezione non regolata/non segnalata;Una carreggiata a doppio senso;Asciutto;Asfaltata;Verticale ed orizzontale;Sereno;Normale;Buona;Ore Diurne;0;0;0;2;12.56517;41.94726;-1;1;Autovettura privata;In marcia / fermata / arresto;Passeggero;M;Illeso;0;;Non accertato;Inesploso
3114525;12;27/12/2016 12:40;Strada Urbana;VIA CANTON;in prossimità;;del civico n.;20;;Veicolo in marcia contro ostacolo accidentale;Rettilineo;Una carreggiata a doppio senso;Asciutto;Con buche;Verticale ed orizzontale;Sereno;Scarso;Buona;Ore Diurne;0;0;0;1;12.43239;41.80664;-1;1;Autobus urbano;In marcia / fermata / arresto;Conducente;M;Illeso;0;;Utilizzato;Inesploso
3114533;12;27/12/2016 19:30;Strada Urbana;PIAZZA GUGLIELMO MARCONI;da specificare;;;;dir.ne gra altezza via Liszt;Scontro laterale fra veicoli in marcia;Rettilineo;Più di due carreggiate;Asciutto;Asfaltata;Verticale ed orizzontale;Sereno;Intenso;Buona;Sufficiente;0;0;0;3;12.47015;41.8335;-1;1;Autovettura privata;In marcia / fermata / arresto;Conducente;M;Illeso;0;;Utilizzato;Inesploso
3114533;12;27/12/2016 19:30;Strada Urbana;PIAZZA GUGLIELMO MARCONI;da specificare;;;;dir.ne gra altezza via Liszt;Scontro laterale fra veicoli in marcia;Rettilineo;Più di due carreggiate;Asciutto;Asfaltata;Verticale ed orizzontale;Sereno;Intenso;Buona;Sufficiente;0;0;0;3;12.47015;41.8335;-1;2;Autovettura privata;In marcia / fermata / arresto;Conducente;M;Illeso;0;;Utilizzato;Inesploso
3114533;12;27/12/2016 19:30;Strada Urbana;PIAZZA GUGLIELMO MARCONI;da specificare;;;;dir.ne gra altezza via Liszt;Scontro laterale fra veicoli in marcia;Rettilineo;Più di due carreggiate;Asciutto;Asfaltata;Verticale ed orizzontale;Sereno;Intenso;Buona;Sufficiente;0;0;0;3;12.47015;41.8335;-1;2;Autovettura privata;In marcia / fermata / arresto;Passeggero;M;Illeso;0;;Utilizzato;Inesploso
3114645;6;28/12/2016 17:25;Strada Urbana;PIAZZA DEI CONDOTTIERI;all'intersezione con;VIA ROBERTO MALATESTA;VIA ROBERTO MALATESTA;;;Scontro frontale/laterale DX fra veicoli in marcia;Intersezione stradale segnalata;Due carreggiate;Asciutto;Asfaltata;Verticale ed orizzontale;Sereno;Normale;Sufficiente;Sufficiente;1;0;0;2;12.53522;41.88755;-1;1;Autovettura privata;In marcia / fermata / arresto;Conducente;F;Illeso;0;;Non accertato;Inesploso
3114645;6;28/12/2016 17:25;Strada Urbana;PIAZZA DEI CONDOTTIERI;all'intersezione con;VIA ROBERTO MALATESTA;VIA ROBERTO MALATESTA;;;Scontro frontale/laterale DX fra veicoli in marcia;Intersezione stradale segnalata;Due carreggiate;Asciutto;Asfaltata;Verticale ed orizzontale;Sereno;Normale;Sufficiente;Sufficiente;1;0;0;2;12.53522;41.88755;-1;1;Autovettura privata;In marcia / fermata / arresto;Passeggero;F;Illeso;0;;Non accertato;Inesploso
3114645;6;28/12/2016 17:25;Strada Urbana;PIAZZA DEI CONDOTTIERI;all'intersezione con;VIA ROBERTO MALATESTA;VIA ROBERTO MALATESTA;;;Scontro frontale/laterale DX fra veicoli in marcia;Intersezione stradale segnalata;Due carreggiate;Asciutto;Asfaltata;Verticale ed orizzontale;Sereno;Normale;Sufficiente;Sufficiente;1;0;0;2;12.53522;41.88755;-1;2;Velocipede;In marcia / fermata / arresto;Conducente;M;Rifiuta cure immediate;0;NON DECEDUTO;Esente;
3114681;15;28/12/2016 12:40;Strada Urbana;VIA DEL TRULLO;da specificare;;;;fronte civico 152;Scontro frontale/laterale DX fra veicoli in marcia;Rettilineo;Due carreggiate;Asciutto;Asfaltata;Orizzontale;Sereno;Normale;Buona;Ore Diurne;1;0;0;1;12.43677;41.84303;-1;1;Motociclo a solo;In marcia / fermata / arresto;Conducente;M;Rimandato;0;NON DECEDUTO;Non accertato;
3114681;15;28/12/2016 12:40;Strada Urbana;VIA DEL TRULLO;da specificare;;;;fronte civico 152;Scontro frontale/laterale DX fra veicoli in marcia;Rettilineo;Due carreggiate;Asciutto;Asfaltata;Orizzontale;Sereno;Normale;Buona;Ore Diurne;1;0;0;1;12.43677;41.84303;-1;2;Quadriciclo leggero;In marcia / fermata / arresto;Conducente;F;Illeso;0;;Non accertato;Inesploso
3114715;6;28/12/2016 18:25;Strada Urbana;VIA TOR DE' SCHIAVI;in corrispondenza;;del civico n.;406;;Tamponamento;Rettilineo;Due carreggiate;Asciutto;Asfaltata;Verticale ed orizzontale;Sereno;Normale;Sufficiente;Sufficiente;0;0;0;4;12.55943;41.89417;-1;1;Autovettura privata;In marcia / fermata / arresto;Conducente;M;Illeso;0;;Non accertato;Inesploso
3114715;6;28/12/2016 18:25;Strada Urbana;VIA TOR DE' SCHIAVI;in corrispondenza;;del civico n.;406;;Tamponamento;Rettilineo;Due carreggiate;Asciutto;Asfaltata;Verticale ed orizzontale;Sereno;Normale;Sufficiente;Sufficiente;0;0;0;4;12.55943;41.89417;-1;1;Autovettura privata;In marcia / fermata / arresto;Passeggero;F;Illeso;0;;Non accertato;Inesploso
3114715;6;28/12/2016 18:25;Strada Urbana;VIA TOR DE' SCHIAVI;in corrispondenza;;del civico n.;406;;Tamponamento;Rettilineo;Due carreggiate;Asciutto;Asfaltata;Verticale ed orizzontale;Sereno;Normale;Sufficiente;Sufficiente;0;0;0;4;12.55943;41.89417;-1;1;Autovettura privata;In marcia / fermata / arresto;Passeggero;F;Illeso;0;;Non accertato;Inesploso
3114715;6;28/12/2016 18:25;Strada Urbana;VIA TOR DE' SCHIAVI;in corrispondenza;;del civico n.;406;;Tamponamento;Rettilineo;Due carreggiate;Asciutto;Asfaltata;Verticale ed orizzontale;Sereno;Normale;Sufficiente;Sufficiente;0;0;0;4;12.55943;41.89417;-1;2;Autovettura privata;In marcia / fermata / arresto;Conducente;F;Illeso;0;;Non accertato;Inesploso
3114731;9;28/12/2016 13:30;Strada Urbana;VIA EURIALO;all'intersezione con;VIA DI S. MARIA AUSILIATRICE;VIA DI S. MARIA AUSILIATRICE;;;Investimento di pedone;Incrocio;Una carreggiata a doppio senso;Asciutto;Asfaltata;Verticale ed orizzontale;Sereno;Normale;Buona;Ore Diurne;1;0;0;1;12.52737;41.87254;-1;;;;Pedone;F;Rimandato;0;NON DECEDUTO;;
3114731;9;28/12/2016 13:30;Strada Urbana;VIA EURIALO;all'intersezione con;VIA DI S. MARIA AUSILIATRICE;VIA DI S. MARIA AUSILIATRICE;;;Investimento di pedone;Incrocio;Una carreggiata a doppio senso;Asciutto;Asfaltata;Verticale ed orizzontale;Sereno;Normale;Buona;Ore Diurne;1;0;0;1;12.52737;41.87254;-1;1;Autovettura privata;In marcia / fermata / arresto;Conducente;M;Illeso;0;;Non accertato;Inesploso
3114736;9;28/12/2016 15:25;Strada Urbana;PIAZZA DEI RE DI ROMA;da specificare;;;;prossimità civ. 44;Veicolo in marcia contro veicolo arresto;Rotatoria;Una carreggiata a senso unico di marcia;Asciutto;Asfaltata;Verticale ed orizzontale;Sereno;Normale;Buona;Ore Diurne;0;0;0;4;12.51338;41.88212;-1;1;Autovettura privata;In marcia / fermata / arresto;Conducente;F;Illeso;0;;Non accertato;Inesploso
3114736;9;28/12/2016 15:25;Strada Urbana;PIAZZA DEI RE DI ROMA;da specificare;;;;prossimità civ. 44;Veicolo in marcia contro veicolo arresto;Rotatoria;Una carreggiata a senso unico di marcia;Asciutto;Asfaltata;Verticale ed orizzontale;Sereno;Normale;Buona;Ore Diurne;0;0;0;4;12.51338;41.88212;-1;1;Autovettura privata;In marcia / fermata / arresto;Passeggero;F;Illeso;0;;Non accertato;Inesploso
3114736;9;28/12/2016 15:25;Strada Urbana;PIAZZA DEI RE DI ROMA;da specificare;;;;prossimità civ. 44;Veicolo in marcia contro veicolo arresto;Rotatoria;Una carreggiata a senso unico di marcia;Asciutto;Asfaltata;Verticale ed orizzontale;Sereno;Normale;Buona;Ore Diurne;0;0;0;4;12.51338;41.88212;-1;1;Autovettura privata;In marcia / fermata / arresto;Passeggero;F;Illeso;0;;Non accertato;Inesploso
3114736;9;28/12/2016 15:25;Strada Urbana;PIAZZA DEI RE DI ROMA;da specificare;;;;prossimità civ. 44;Veicolo in marcia contro veicolo arresto;Rotatoria;Una carreggiata a senso unico di marcia;Asciutto;Asfaltata;Verticale ed orizzontale;Sereno;Normale;Buona;Ore Diurne;0;0;0;4;12.51338;41.88212;-1;2;Autocarro inferiore 35 q.;In marcia / fermata / arresto;Conducente;M;Illeso;0;;Non accertato;Inesploso
3114749;9;28/12/2016 17:50;Strada Urbana;VIA TARANTO;da specificare;;;;fr. 194 A;Scontro frontale/laterale DX fra veicoli in marcia;Rettilineo;Una carreggiata a doppio senso;Asciutto;Asfaltata;Orizzontale;Sereno;Normale;Sufficiente;Sufficiente;1;0;0;1;12.51716;41.88402;-1;1;Autovettura privata;In marcia / fermata / arresto;Conducente;F;Illeso;0;;Non accertato;Inesploso
3114749;9;28/12/2016 17:50;Strada Urbana;VIA TARANTO;da specificare;;;;fr. 194 A;Scontro frontale/laterale DX fra veicoli in marcia;Rettilineo;Una carreggiata a doppio senso;Asciutto;Asfaltata;Orizzontale;Sereno;Normale;Sufficiente;Sufficiente;1;0;0;1;12.51716;41.88402;-1;2;Motociclo a solo;In marcia / fermata / arresto;Conducente;M;Rimandato;0;NON DECEDUTO;Non accertato;
3114755;9;28/12/2016 16:55;Strada Urbana;VIA NUMANZIA;da specificare;;;;prox 11;Veicolo in marcia contro veicolo arresto;Rettilineo;Una carreggiata a doppio senso;Asciutto;Asfaltata;Orizzontale;Sereno;Normale;Buona;Sufficiente;0;0;0;3;12.5117;41.87406;-1;1;Autovettura privata;In marcia / fermata / arresto;Conducente;M;Illeso;0;;Non accertato;Inesploso
3114755;9;28/12/2016 16:55;Strada Urbana;VIA NUMANZIA;da specificare;;;;prox 11;Veicolo in marcia contro veicolo arresto;Rettilineo;Una carreggiata a doppio senso;Asciutto;Asfaltata;Orizzontale;Sereno;Normale;Buona;Sufficiente;0;0;0;3;12.5117;41.87406;-1;1;Autovettura privata;In marcia / fermata / arresto;Passeggero;M;Illeso;0;;Non accertato;Inesploso
3114755;9;28/12/2016 16:55;Strada Urbana;VIA NUMANZIA;da specificare;;;;prox 11;Veicolo in marcia contro veicolo arresto;Rettilineo;Una carreggiata a doppio senso;Asciutto;Asfaltata;Orizzontale;Sereno;Normale;Buona;Sufficiente;0;0;0;3;12.5117;41.87406;-1;2;Autovettura privata;In marcia / fermata / arresto;Conducente;F;Illeso;0;;Non accertato;Inesploso
3114776;15;28/12/2016 16:20;Strada Urbana;LUNGOTEVERE DI PIETRA PAPA;da specificare;;;;FRONTE CIVICO 99;Veicolo in marcia contro veicoli in sosta;Rettilineo;Una carreggiata a doppio senso;Asciutto;Asfaltata;Orizzontale;Sereno;Scarso;Buona;Ore Diurne;0;0;0;1;12.4743;41.8629;-1;1;Autovettura privata;In marcia / fermata / arresto;Conducente;F;Illeso;0;;;Inesploso
3114778;2;28/12/2016 18:45;Strada Urbana;LARGO FORANO;all'intersezione semaforizzata con;VIA MAGLIANO SABINA;VIA MAGLIANO SABINA;;;Ribaltamento senza urto contro ostacolo fisso;Intersezione semaforizzata;Una carreggiata a doppio senso;Asciutto;Asfaltata;Verticale ed orizzontale;Sereno;Normale;Sufficiente;Sufficiente;1;0;0;1;12.51106;41.9353;-1;1;Motociclo a solo;In marcia / fermata / arresto;Conducente;M;Ricoverato;0;NON DECEDUTO;;
3114778;2;28/12/2016 18:45;Strada Urbana;LARGO FORANO;all'intersezione semaforizzata con;VIA MAGLIANO SABINA;VIA MAGLIANO SABINA;;;Ribaltamento senza urto contro ostacolo fisso;Intersezione semaforizzata;Una carreggiata a doppio senso;Asciutto;Asfaltata;Verticale ed orizzontale;Sereno;Normale;Sufficiente;Sufficiente;1;0;0;1;12.51106;41.9353;-1;2;Autovettura privata;In marcia / fermata / arresto;Conducente;M;Illeso;0;;;
3114782;8;28/12/2016 08:30;Strada Urbana;VIA COLLATINA;in prossimità;;del civico n.;962;;Veicolo in marcia contro ostacolo accidentale;Curva a visuale libera;Una carreggiata a doppio senso;Asciutto;Asfaltata;Orizzontale;Sereno;Normale;Buona;Ore Diurne;0;0;0;4;12.66499;41.92172;-1;1;Autovettura privata;In marcia / fermata / arresto;Conducente;M;Illeso;0;;Non accertato;Inesploso
3114782;8;28/12/2016 08:30;Strada Urbana;VIA COLLATINA;in prossimità;;del civico n.;962;;Veicolo in marcia contro ostacolo accidentale;Curva a visuale libera;Una carreggiata a doppio senso;Asciutto;Asfaltata;Orizzontale;Sereno;Normale;Buona;Ore Diurne;0;0;0;4;12.66499;41.92172;-1;1;Autovettura privata;In marcia / fermata / arresto;Passeggero;F;Illeso;0;;Non accertato;Inesploso
3114782;8;28/12/2016 08:30;Strada Urbana;VIA COLLATINA;in prossimità;;del civico n.;962;;Veicolo in marcia contro ostacolo accidentale;Curva a visuale libera;Una carreggiata a doppio senso;Asciutto;Asfaltata;Orizzontale;Sereno;Normale;Buona;Ore Diurne;0;0;0;4;12.66499;41.92172;-1;1;Autovettura privata;In marcia / fermata / arresto;Passeggero;M;Illeso;0;;Non accertato;Inesistente
3114782;8;28/12/2016 08:30;Strada Urbana;VIA COLLATINA;in prossimità;;del civico n.;962;;Veicolo in marcia contro ostacolo accidentale;Curva a visuale libera;Una carreggiata a doppio senso;Asciutto;Asfaltata;Orizzontale;Sereno;Normale;Buona;Ore Diurne;0;0;0;4;12.66499;41.92172;-1;1;Autovettura privata;In marcia / fermata / arresto;Passeggero;F;Illeso;0;;Non accertato;Inesistente
3114784;8;28/12/2016 09:45;Strada Urbana;VIA SAN BIAGIO PLATANI;in corrispondenza;;del civico n.;279;;Investimento di pedone;Rettilineo;Più di due carreggiate;Asciutto;Lastricata;Verticale ed orizzontale;Sereno;Scarso;Buona;Ore Diurne;2;0;0;1;12.64577;41.87377;-1;;;;Pedone;M;Rimandato;0;NON DECEDUTO;;
3114784;8;28/12/2016 09:45;Strada Urbana;VIA SAN BIAGIO PLATANI;in corrispondenza;;del civico n.;279;;Investimento di pedone;Rettilineo;Più di due carreggiate;Asciutto;Lastricata;Verticale ed orizzontale;Sereno;Scarso;Buona;Ore Diurne;2;0;0;1;12.64577;41.87377;-1;;;;Pedone;F;Rifiuta cure immediate;0;NON DECEDUTO;;
3114784;8;28/12/2016 09:45;Strada Urbana;VIA SAN BIAGIO PLATANI;in corrispondenza;;del civico n.;279;;Investimento di pedone;Rettilineo;Più di due carreggiate;Asciutto;Lastricata;Verticale ed orizzontale;Sereno;Scarso;Buona;Ore Diurne;2;0;0;1;12.64577;41.87377;-1;1;Autovettura privata;In marcia / fermata / arresto;Conducente;M;Illeso;0;;Non accertato;Inesploso
3114785;8;28/12/2016 19:00;Strada Urbana;VIA DI TORRENOVA;all'intersezione con;VIA GIOVANNI RIZZI;VIA GIOVANNI RIZZI;;;Scontro frontale/laterale DX fra veicoli in marcia;Incrocio;Una carreggiata a doppio senso;Bagnato (pioggia);Asfaltata;Verticale ed orizzontale;Sereno;Normale;Buona;Sufficiente;0;0;0;1;12.6185;41.8775;-1;1;Autovettura privata;In marcia / fermata / arresto;Conducente;M;Illeso;0;;Non accertato;Inesploso
3114786;8;28/12/2016 14:00;Regionale;VIA CASILINA;da specificare;;;;FRONTE PROX PALO ACEA 42;Scontro laterale fra veicoli in marcia;Rotatoria;Una carreggiata a senso unico di marcia;Asciutto;Asfaltata;Verticale ed orizzontale;Sereno;Normale;Sufficiente;Ore Diurne;0;0;0;4;12.6517;41.8638;-1;1;Autovettura privata;In marcia / fermata / arresto;Conducente;M;Illeso;0;;Non accertato;Inesploso
3114786;8;28/12/2016 14:00;Regionale;VIA CASILINA;da specificare;;;;FRONTE PROX PALO ACEA 42;Scontro laterale fra veicoli in marcia;Rotatoria;Una carreggiata a senso unico di marcia;Asciutto;Asfaltata;Verticale ed orizzontale;Sereno;Normale;Sufficiente;Ore Diurne;0;0;0;4;12.6517;41.8638;-1;1;Autovettura privata;In marcia / fermata / arresto;Passeggero;M;Illeso;0;;Non accertato;Inesploso
3114786;8;28/12/2016 14:00;Regionale;VIA CASILINA;da specificare;;;;FRONTE PROX PALO ACEA 42;Scontro laterale fra veicoli in marcia;Rotatoria;Una carreggiata a senso unico di marcia;Asciutto;Asfaltata;Verticale ed orizzontale;Sereno;Normale;Sufficiente;Ore Diurne;0;0;0;4;12.6517;41.8638;-1;1;Autovettura privata;In marcia / fermata / arresto;Passeggero;M;Illeso;0;;Non accertato;Inesploso
3114786;8;28/12/2016 14:00;Regionale;VIA CASILINA;da specificare;;;;FRONTE PROX PALO ACEA 42;Scontro laterale fra veicoli in marcia;Rotatoria;Una carreggiata a senso unico di marcia;Asciutto;Asfaltata;Verticale ed orizzontale;Sereno;Normale;Sufficiente;Ore Diurne;0;0;0;4;12.6517;41.8638;-1;2;Autovettura privata;In marcia / fermata / arresto;Conducente;M;Illeso;0;;Non accertato;Inesploso
3114789;8;28/12/2016 14:00;Strada Urbana;VIA DI ROCCA CENCIA;all'intersezione con;VIA ROCCAFORTE DEL GRECO;VIA ROCCAFORTE DEL GRECO;;;Scontro frontale/laterale DX fra veicoli in marcia;Intersezione stradale segnalata;Una carreggiata a doppio senso;Asciutto;Asfaltata;Verticale ed orizzontale;Sereno;Normale;Buona;Ore Diurne;0;0;0;1;12.69113;41.8735;-1;1;Autovettura privata;In marcia / fermata / arresto;Conducente;M;Illeso;0;;Non accertato;Inesploso
3114824;2;28/12/2016 20:55;Strada Urbana;VIA ARNO;all'intersezione con;VIA TAGLIAMENTO;VIA TAGLIAMENTO;;;Scontro frontale/laterale DX fra veicoli in marcia;Incrocio;Una carreggiata a doppio senso;Asciutto;Asfaltata;Verticale ed orizzontale;Sereno;Scarso;Sufficiente;Sufficiente;0;0;0;3;12.50093;41.91869;-1;1;Autovettura privata;In marcia / fermata / arresto;Conducente;F;Illeso;0;;;
3114824;2;28/12/2016 20:55;Strada Urbana;VIA ARNO;all'intersezione con;VIA TAGLIAMENTO;VIA TAGLIAMENTO;;;Scontro frontale/laterale DX fra veicoli in marcia;Incrocio;Una carreggiata a doppio senso;Asciutto;Asfaltata;Verticale ed orizzontale;Sereno;Scarso;Sufficiente;Sufficiente;0;0;0;3;12.50093;41.91869;-1;2;Autovettura privata;In marcia / fermata / arresto;Conducente;M;Illeso;0;;;
3114824;2;28/12/2016 20:55;Strada Urbana;VIA ARNO;all'intersezione con;VIA TAGLIAMENTO;VIA TAGLIAMENTO;;;Scontro frontale/laterale DX fra veicoli in marcia;Incrocio;Una carreggiata a doppio senso;Asciutto;Asfaltata;Verticale ed orizzontale;Sereno;Scarso;Sufficiente;Sufficiente;0;0;0;3;12.50093;41.91869;-1;2;Autovettura privata;In marcia / fermata / arresto;Passeggero;M;Illeso;0;;;
3114948;11;28/12/2016 11:45;Strada Urbana;PIAZZA MARCO DA TOMBA;all'intersezione con;VIA FRANCESCO ORAZIO DA PENNABILLI;VIA FRANCESCO ORAZIO DA PENNABILLI;;;Scontro laterale fra veicoli in marcia;Intersezione stradale segnalata;Una carreggiata a senso unico di marcia;Asciutto;Asfaltata;Verticale ed orizzontale;Sereno;Normale;Buona;Ore Diurne;0;0;0;2;12.49269;41.86571;-1;1;Autocarro inferiore 35 q.;In marcia / fermata / arresto;Conducente;M;Illeso;0;;Non accertato;
3114948;11;28/12/2016 11:45;Strada Urbana;PIAZZA MARCO DA TOMBA;all'intersezione con;VIA FRANCESCO ORAZIO DA PENNABILLI;VIA FRANCESCO ORAZIO DA PENNABILLI;;;Scontro laterale fra veicoli in marcia;Intersezione stradale segnalata;Una carreggiata a senso unico di marcia;Asciutto;Asfaltata;Verticale ed orizzontale;Sereno;Normale;Buona;Ore Diurne;0;0;0;2;12.49269;41.86571;-1;2;Autovettura privata;In marcia / fermata / arresto;Conducente;M;Illeso;0;;Non accertato;
3114952;11;28/12/2016 20:30;Strada Urbana;VIA DI VIGNA MURATA;in corrispondenza;;del palo luce n.;86;;Veicolo in marcia contro ostacolo fisso;Rettilineo;Due carreggiate;Asciutto;Asfaltata;Verticale ed orizzontale;Sereno;Scarso;Buona;Sufficiente;0;0;0;1;12.49333;41.82689;-1;1;Autovettura privata;In marcia / fermata / arresto;Conducente;M;Illeso;0;;Utilizzato;Esploso
3114955;9;28/12/2016 19:40;Strada Urbana;VIA CASILINA;in corrispondenza;;del civico n.;7/O;;Investimento di pedone;Rettilineo;Una carreggiata a doppio senso;Asciutto;Asfaltata;Assente;Sereno;Normale;Buona;Sufficiente;1;0;0;1;12.51868;41.88974;-1;;;;Pedone;M;Rimandato;0;NON DECEDUTO;;
3114955;9;28/12/2016 19:40;Strada Urbana;VIA CASILINA;in corrispondenza;;del civico n.;7/O;;Investimento di pedone;Rettilineo;Una carreggiata a doppio senso;Asciutto;Asfaltata;Assente;Sereno;Normale;Buona;Sufficiente;1;0;0;1;12.51868;41.88974;-1;1;Motociclo a solo;In marcia / fermata / arresto;Conducente;M;Illeso;0;;Non accertato;
3114985;5;28/12/2016 12:40;Strada Urbana;VIA DELLA TENUTA DEL CAVALIERE;in prossimità;;del civico n.;1;;Tamponamento Multiplo;Rettilineo;Una carreggiata a doppio senso;Asciutto;Asfaltata;Verticale;Sereno;Normale;Buona;Ore Diurne;0;0;0;5;12.65579;41.9415;-1;1;Autovettura privata;In marcia / fermata / arresto;Conducente;M;Illeso;0;;Non accertato;Inesploso