Protocollo;Gruppo;DataOraIncidente;Localizzazione1;STRADA1;Localizzazione2;STRADA2;Strada02;Chilometrica;DaSpecificare;NaturaIncidente;particolaritastrade;TipoStrada;FondoStradale;Pavimentazione;Segnaletica;CondizioneAtmosferica;Traffico;Visibilita;Illuminazione;NUM_FERITI;NUM_RISERVATA;NUM_MORTI;NUM_ILLESI;Longitudine;Latitudine;Confermato;Progressivo;TipoVeicolo;StatoVeicolo;TipoPersona;Sesso;Tipolesione;Deceduto;DecedutoDopo;CinturaCascoUtilizzato;Airbag
3118036;20;31/12/2016 17:30;Strada Urbana;VIA FLAMINIA NUOVA;in corrispondenza;;del civico n.;290;;Scontro laterale fra veicoli in marcia;Rettilineo;Una carreggiata a doppio senso;Asciutto;Asfaltata;Orizzontale;Sereno;Normale;Buona;Sufficiente;0;0;0;6;12.47479;41.95373;-1;2;Autovettura privata;In marcia / fermata / arresto;Conducente;M;Illeso;0;;Non accertato;Inesploso
3118036;20;31/12/2016 17:30;Strada Urbana;VIA FLAMINIA NUOVA;in corrispondenza;;del civico n.;290;;Scontro laterale fra veicoli in marcia;Rettilineo;Una carreggiata a doppio senso;Asciutto;Asfaltata;Orizzontale;Sereno;Normale;Buona;Sufficiente;0;0;0;6;12.47479;41.95373;-1;2;Autovettura privata;In marcia / fermata / arresto;Passeggero;F;Illeso;0;;Non accertato;Inesploso
3118038;1;31/12/2016 13:50;Strada Urbana;VIA BONCOMPAGNI;all'intersezione con;VIA LUCULLO;VIA LUCULLO;;;Veicolo in marcia contro ostacolo fisso;Incrocio;Una carreggiata a doppio senso;Asciutto;Asfaltata;Verticale ed orizzontale;Sereno;Normale;Buona;Ore Diurne;0;0;0;1;12.49352;41.90837;-1;1;Autovettura privata;In marcia / fermata / arresto;Conducente;M;Illeso;0;;Non accertato;
3118054;1;31/12/2016 17:40;Strada Urbana;VIA PALESTRO;all'intersezione con;VIA MONTEBELLO;VIA MONTEBELLO;;;Scontro frontale/laterale DX fra veicoli in marcia;Incrocio;Una carreggiata a doppio senso;Asciutto;Asfaltata;Verticale ed orizzontale;Sereno;Normale;Buona;Sufficiente;0;0;0;5;12.50335;41.9057;-1;1;Autovettura privata;In marcia / fermata / arresto;Conducente;M;Illeso;0;;Non accertato;
3118054;1;31/12/2016 17:40;Strada Urbana;VIA PALESTRO;all'intersezione con;VIA MONTEBELLO;VIA MONTEBELLO;;;Scontro frontale/laterale DX fra veicoli in marcia;Incrocio;Una carreggiata a doppio senso;Asciutto;Asfaltata;Verticale ed orizzontale;Sereno;Normale;Buona;Sufficiente;0;0;0;5;12.50335;41.9057;-1;1;Autovettura privata;In marcia / fermata / arresto;Passeggero;M;Illeso;0;;Non accertato;
3118054;1;31/12/2016 17:40;Strada Urbana;VIA PALESTRO;all'intersezione con;VIA MONTEBELLO;VIA MONTEBELLO;;;Scontro frontale/laterale DX fra veicoli in marcia;Incrocio;Una carreggiata a doppio senso;Asciutto;Asfaltata;Verticale ed orizzontale;Sereno;Normale;Buona;Sufficiente;0;0;0;5;12.50335;41.9057;-1;1;Autovettura privata;In marcia / fermata / arresto;Passeggero;F;Illeso;0;;Non accertato;
3118054;1;31/12/2016 17:40;Strada Urbana;VIA PALESTRO;all'intersezione con;VIA MONTEBELLO;VIA MONTEBELLO;;;Scontro frontale/laterale DX fra veicoli in marcia;Incrocio;Una carreggiata a doppio senso;Asciutto;Asfaltata;Verticale ed orizzontale;Sereno;Normale;Buona;Sufficiente;0;0;0;5;12.50335;41.9057;-1;1;Autovettura privata;In marcia / fermata / arresto;Passeggero;M;Illeso;0;;Non accertato;
3118054;1;31/12/2016 17:40;Strada Urbana;VIA PALESTRO;all'intersezione con;VIA MONTEBELLO;VIA MONTEBELLO;;;Scontro frontale/laterale DX fra veicoli in marcia;Incrocio;Una carreggiata a doppio senso;Asciutto;Asfaltata;Verticale ed orizzontale;Sereno;Normale;Buona;Sufficiente;0;0;0;5;12.50335;41.9057;-1;2;Autovettura privata;In marcia / fermata / arresto;Conducente;F;Illeso;0;;Non accertato;
3118063;20;31/12/2016 12:45;Regionale entro l'abitato;VIA CASSIA;in corrispondenza;;del civico n.;1412;;Tamponamento Multiplo;Rettilineo;Una carreggiata a doppio senso;Asciutto;Asfaltata;Verticale ed orizzontale;Sereno;Normale;Buona;Ore Diurne;0;0;0;3;12.39864;41.99071;-1;1;Autovettura privata;In marcia / fermata / arresto;Conducente;M;Illeso;0;;Non accertato;
3118063;20;31/12/2016 12:45;Regionale entro l'abitato;VIA CASSIA;in corrispondenza;;del civico n.;1412;;Tamponamento Multiplo;Rettilineo;Una carreggiata a doppio senso;Asciutto;Asfaltata;Verticale ed orizzontale;Sereno;Normale;Buona;Ore Diurne;0;0;0;3;12.39864;41.99071;-1;2;Autovettura privata;In marcia / fermata / arresto;Conducente;M;Illeso;0;;Non accertato;
3118063;20;31/12/2016 12:45;Regionale entro l'abitato;VIA CASSIA;in corrispondenza;;del civico n.;1412;;Tamponamento Multiplo;Rettilineo;Una carreggiata a doppio senso;Asciutto;Asfaltata;Verticale ed orizzontale;Sereno;Normale;Buona;Ore Diurne;0;0;0;3;12.39864;41.99071;-1;3;Autovettura privata;In marcia / fermata / arresto;Conducente;M;Illeso;0;;Non accertato;
3118077;20;31/12/2016 23:58;Strada Urbana;VIA FLAMINIA;da specificare;;;;USCITA SOTTOPASSO EUCLIDE;Veicolo in marcia contro ostacolo fisso;Curva senza visuale libera;Una carreggiata a senso unico di marcia;Asciutto;Asfaltata;Orizzontale;Sereno;Scarso;Buona;Sufficiente;0;0;0;1;12.47209;41.94314;-1;1;Autovettura privata;In marcia / fermata / arresto;Conducente;M;Illeso;0;;Non accertato;
3118113;19;30/12/2016 09:20;Strada Urbana;VIA ATTILIO FRIGGERI;in corrispondenza;;del civico n.;53;;Veicolo in marcia contro veicoli in sosta;Rettilineo;Una carreggiata a senso unico di marcia;Asciutto;Asfaltata;Assente;Sereno;Scarso;Buona;Ore Diurne;1;0;0;0;12.44071;41.9216;-1;1;Motociclo a solo;In marcia / fermata / arresto;Conducente;M;Rifiuta cure immediate;0;NON DECEDUTO;Non accertato;
3118118;2;31/12/2016 13:50;Strada Urbana;VIA MIGIURTINIA;all'intersezione con;VIA GIARABUB;VIA GIARABUB;;;Scontro frontale/laterale DX fra veicoli in marcia;Incrocio;Una carreggiata a senso unico di marcia;Asciutto;Asfaltata;Verticale;Sereno;Scarso;Buona;Ore Diurne;0;0;0;2;12.52178;41.93033;-1;1;Autovettura privata;In marcia / fermata / arresto;Conducente;M;Illeso;0;;;
3118118;2;31/12/2016 13:50;Strada Urbana;VIA MIGIURTINIA;all'intersezione con;VIA GIARABUB;VIA GIARABUB;;;Scontro frontale/laterale DX fra veicoli in marcia;Incrocio;Una carreggiata a senso unico di marcia;Asciutto;Asfaltata;Verticale;Sereno;Scarso;Buona;Ore Diurne;0;0;0;2;12.52178;41.93033;-1;2;Autovettura privata;In marcia / fermata / arresto;Conducente;M;Illeso;0;;;
3118124;19;30/12/2016 12:15;Strada Urbana;VIA ROMEO RODRIGUEZ PEREIRA;all'intersezione con;VIA UMBERTO CERBONI;VIA UMBERTO CERBONI;;;Scontro frontale/laterale DX fra veicoli in marcia;Incrocio;Una carreggiata a doppio senso;Asciutto;Asfaltata;Verticale;Sereno;Normale;Buona;Ore Diurne;0;0;0;3;12.43723;41.92141;-1;1;Autocarro inferiore 35 q.;In marcia / fermata / arresto;Conducente;M;Illeso;0;;Non accertato;Inesploso
3118124;19;30/12/2016 12:15;Strada Urbana;VIA ROMEO RODRIGUEZ PEREIRA;all'intersezione con;VIA UMBERTO CERBONI;VIA UMBERTO CERBONI;;;Scontro frontale/laterale DX fra veicoli in marcia;Incrocio;Una carreggiata a doppio senso;Asciutto;Asfaltata;Verticale;Sereno;Normale;Buona;Ore Diurne;0;0;0;3;12.43723;41.92141;-1;2;Autovettura privata;In marcia / fermata / arresto;Conducente;F;Illeso;0;;Non accertato;Inesploso
3118124;19;30/12/2016 12:15;Strada Urbana;VIA ROMEO RODRIGUEZ PEREIRA;all'intersezione con;VIA UMBERTO CERBONI;VIA UMBERTO CERBONI;;;Scontro frontale/laterale DX fra veicoli in marcia;Incrocio;Una carreggiata a doppio senso;Asciutto;Asfaltata;Verticale;Sereno;Normale;Buona;Ore Diurne;0;0;0;3;12.43723;41.92141;-1;2;Autovettura privata;In marcia / fermata / arresto;Passeggero;F;Illeso;0;;Utilizzato;Inesploso
3118126;2;31/12/2016 14:50;Strada Urbana;VIA NOMENTANA;all'intersezione semaforizzata con;VIA DI S. AGNESE;VIA DI S. AGNESE;;;Scontro frontale fra veicoli in marcia;Intersezione semaforizzata;Più di due carreggiate;Asciutto;Asfaltata;Verticale ed orizzontale;Sereno;Scarso;Buona;Ore Diurne;0;0;0;4;12.5184;41.91992;-1;1;Autovettura privata;In marcia / fermata / arresto;Conducente;M;Illeso;0;;;Esploso
3118126;2;31/12/2016 14:50;Strada Urbana;VIA NOMENTANA;all'intersezione semaforizzata con;VIA DI S. AGNESE;VIA DI S. AGNESE;;;Scontro frontale fra veicoli in marcia;Intersezione semaforizzata;Più di due carreggiate;Asciutto;Asfaltata;Verticale ed orizzontale;Sereno;Scarso;Buona;Ore Diurne;0;0;0;4;12.5184;41.91992;-1;1;Autovettura privata;In marcia / fermata / arresto;Passeggero;F;Illeso;0;;;
3118126;2;31/12/2016 14:50;Strada Urbana;VIA NOMENTANA;all'intersezione semaforizzata con;VIA DI S. AGNESE;VIA DI S. AGNESE;;;Scontro frontale fra veicoli in marcia;Intersezione semaforizzata;Più di due carreggiate;Asciutto;Asfaltata;Verticale ed orizzontale;Sereno;Scarso;Buona;Ore Diurne;0;0;0;4;12.5184;41.91992;-1;1;Autovettura privata;In marcia / fermata / arresto;Passeggero;M;Illeso;0;;;
3118126;2;31/12/2016 14:50;Strada Urbana;VIA NOMENTANA;all'intersezione semaforizzata con;VIA DI S. AGNESE;VIA DI S. AGNESE;;;Scontro frontale fra veicoli in marcia;Intersezione semaforizzata;Più di due carreggiate;Asciutto;Asfaltata;Verticale ed orizzontale;Sereno;Scarso;Buona;Ore Diurne;0;0;0;4;12.5184;41.91992;-1;2;Autovettura pubblica;In marcia / fermata / arresto;Conducente;M;Illeso;0;;;
3118138;6;31/12/2016 18:50;Strada Urbana;VIA SAMPIERO DI BASTELICA;all'intersezione con;VIA GUGLIELMO DEGLI UBERTINI;VIA GUGLIELMO DEGLI UBERTINI;;;Veicolo in marcia contro veicoli in sosta;Incrocio;Una carreggiata a senso unico di marcia;Asciutto;Asfaltata;Assente;Sereno;Scarso;Buona;Sufficiente;0;0;0;2;12.54034;41.89087;-1;1;Autovettura privata;In marcia / fermata / arresto;Conducente;F;Illeso;0;;;
3118138;6;31/12/2016 18:50;Strada Urbana;VIA SAMPIERO DI BASTELICA;all'intersezione con;VIA GUGLIELMO DEGLI UBERTINI;VIA GUGLIELMO DEGLI UBERTINI;;;Veicolo in marcia contro veicoli in sosta;Incrocio;Una carreggiata a senso unico di marcia;Asciutto;Asfaltata;Assente;Sereno;Scarso;Buona;Sufficiente;0;0;0;2;12.54034;41.89087;-1;1;Autovettura privata;In marcia / fermata / arresto;Passeggero;F;Illeso;0;;;
3118150;6;31/12/2016 23:35;Strada Urbana;VIALE GIACOMO AICARDI;all'intersezione con;VIA DI TOR PIGNATTARA;VIA DI TOR PIGNATTARA;;;Scontro frontale fra veicoli in marcia;Incrocio;Una carreggiata a doppio senso;Asciutto;Asfaltata;Verticale ed orizzontale;Sereno;Scarso;Sufficiente;Sufficiente;1;0;0;1;12.54134;41.87549;-1;1;Autovettura privata;In marcia / fermata / arresto;Conducente;M;Rifiuta cure immediate;0;NON DECEDUTO;Non accertato;
3118150;6;31/12/2016 23:35;Strada Urbana;VIALE GIACOMO AICARDI;all'intersezione con;VIA DI TOR PIGNATTARA;VIA DI TOR PIGNATTARA;;;Scontro frontale fra veicoli in marcia;Incrocio;Una carreggiata a doppio senso;Asciutto;Asfaltata;Verticale ed orizzontale;Sereno;Scarso;Sufficiente;Sufficiente;1;0;0;1;12.54134;41.87549;-1;2;Autovettura privata;In marcia / fermata / arresto;Conducente;M;Illeso;0;;;
3118155;19;30/12/2016 17:15;Strada Urbana;VIA DI BOCCEA;all'intersezione con;VIA DI SELVA NERA;VIA DI SELVA NERA;;;Scontro frontale/laterale DX fra veicoli in marcia;Incrocio;Una carreggiata a doppio senso;Asciutto;Asfaltata;Verticale ed orizzontale;Sereno;Normale;Buona;Sufficiente;0;0;0;3;12.39188;41.91186;-1;1;Autovettura privata;In marcia / fermata / arresto;Conducente;M;Illeso;0;;Non accertato;Inesploso
3118155;19;30/12/2016 17:15;Strada Urbana;VIA DI BOCCEA;all'intersezione con;VIA DI SELVA NERA;VIA DI SELVA NERA;;;Scontro frontale/laterale DX fra veicoli in marcia;Incrocio;Una carreggiata a doppio senso;Asciutto;Asfaltata;Verticale ed orizzontale;Sereno;Normale;Buona;Sufficiente;0;0;0;3;12.39188;41.91186;-1;2;Autovettura privata;In marcia / fermata / arresto;Conducente;M;Illeso;0;;Non accertato;Inesploso
3118155;19;30/12/2016 17:15;Strada Urbana;VIA DI BOCCEA;all'intersezione con;VIA DI SELVA NERA;VIA DI SELVA NERA;;;Scontro frontale/laterale DX fra veicoli in marcia;Incrocio;Una carreggiata a doppio senso;Asciutto;Asfaltata;Verticale ed orizzontale;Sereno;Normale;Buona;Sufficiente;0;0;0;3;12.39188;41.91186;-1;2;Autovettura privata;In marcia / fermata / arresto;Passeggero;F;Illeso;0;;Non accertato;Inesploso
3118156;7;30/12/2016 09:45;Strada Urbana;VIA DI TOR TRE TESTE;in corrispondenza;;del civico n.;335;;Infortunio per sola frenata improvvisa;Rettilineo;Una carreggiata a doppio senso;Bagnato (umidità in atto);Asfaltata;Verticale ed orizzontale;Sereno;Normale;Buona;Ore Diurne;0;0;0;1;12.59103;41.89201;-1;1;Motociclo con passeggero;In marcia / fermata / arresto;Conducente;M;Illeso;0;;Non accertato;
3118160;19;30/12/2016 19:00;Strada Urbana;VIA GIUSEPPE ALLIEVO;da specificare;;;;pross. via G. Marchesini;Scontro laterale fra veicoli in marcia;Rettilineo;Una carreggiata a doppio senso;Asciutto;Asfaltata;Assente;Sereno;Scarso;Buona;Sufficiente;1;0;0;2;12.42684;41.94037;-1;1;Autovettura privata;In marcia / fermata / arresto;Conducente;F;Illeso;0;;Non accertato;Inesploso
3118160;19;30/12/2016 19:00;Strada Urbana;VIA GIUSEPPE ALLIEVO;da specificare;;;;pross. via G. Marchesini;Scontro laterale fra veicoli in marcia;Rettilineo;Una carreggiata a doppio senso;Asciutto;Asfaltata;Assente;Sereno;Scarso;Buona;Sufficiente;1;0;0;2;12.42684;41.94037;-1;1;Autovettura privata;In marcia / fermata / arresto;Passeggero;F;Illeso;0;;Non accertato;Inesploso
3118160;19;30/12/2016 19:00;Strada Urbana;VIA GIUSEPPE ALLIEVO;da specificare;;;;pross. via G. Marchesini;Scontro laterale fra veicoli in marcia;Rettilineo;Una carreggiata a doppio senso;Asciutto;Asfaltata;Assente;Sereno;Scarso;Buona;Sufficiente;1;0;0;2;12.42684;41.94037;-1;2;Motociclo a solo;In marcia / fermata / arresto;Conducente;M;Rimandato;0;NON DECEDUTO;Non accertato;
3118166;7;30/12/2016 11:00;Strada Urbana;VIA DEI CASTANI;all'intersezione con;VIA DELLE ROBINIE;VIA DELLE ROBINIE;;;Investimento di pedone;Incrocio;Una carreggiata a doppio senso;Asciutto;Asfaltata;Verticale ed orizzontale;Sereno;Normale;Buona;Ore Diurne;1;0;0;2;12.56671;41.88265;-1;;;;Pedone;M;Rifiuta cure immediate;0;NON DECEDUTO;;
3118166;7;30/12/2016 11:00;Strada Urbana;VIA DEI CASTANI;all'intersezione con;VIA DELLE ROBINIE;VIA DELLE ROBINIE;;;Investimento di pedone;Incrocio;Una carreggiata a doppio senso;Asciutto;Asfaltata;Verticale ed orizzontale;Sereno;Normale;Buona;Ore Diurne;1;0;0;2;12.56671;41.88265;-1;1;Autovettura privata;In marcia / fermata / arresto;Conducente;M;Illeso;0;;Non accertato;Inesploso
3118166;7;30/12/2016 11:00;Strada Urbana;VIA DEI CASTANI;all'intersezione con;VIA DELLE ROBINIE;VIA DELLE ROBINIE;;;Investimento di pedone;Incrocio;Una carreggiata a doppio senso;Asciutto;Asfaltata;Verticale ed orizzontale;Sereno;Normale;Buona;Ore Diurne;1;0;0;2;12.56671;41.88265;-1;1;Autovettura privata;In marcia / fermata / arresto;Passeggero;F;Illeso;0;;Non accertato;Inesploso
3118168;19;30/12/2016 22:00;Strada Urbana;VIALE DELLE MEDAGLIE D'ORO;da specificare;;;;prossimità via Marziale;Scontro frontale/laterale SX fra veicoli in marcia;Curva a visuale libera;Una carreggiata a senso unico di marcia;Asciutto;Asfaltata;Orizzontale;Sereno;Scarso;Sufficiente;Sufficiente;1;0;0;1;12.44283;41.91685;-1;1;Autovettura privata;In marcia / fermata / arresto;Conducente;M;Illeso;0;;Non accertato;Inesploso
3118168;19;30/12/2016 22:00;Strada Urbana;VIALE DELLE MEDAGLIE D'ORO;da specificare;;;;prossimità via Marziale;Scontro frontale/laterale SX fra veicoli in marcia;Curva a visuale libera;Una carreggiata a senso unico di marcia;Asciutto;Asfaltata;Orizzontale;Sereno;Scarso;Sufficiente;Sufficiente;1;0;0;1;12.44283;41.91685;-1;2;Motociclo a solo;In marcia / fermata / arresto;Conducente;M;Rimandato;0;NON DECEDUTO;Non accertato;
3118207;7;30/12/2016 11:30;Strada Urbana;VIA PRENESTINA;in corrispondenza;;del civico n.;709;;Veicolo in marcia contro ostacolo accidentale;Rettilineo;Una carreggiata a doppio senso;Asciutto;Asfaltata;Verticale ed orizzontale;Sereno;Normale;Buona;Ore Diurne;1;0;0;0;12.59105;41.89474;-1;1;Motociclo a solo;In marcia / fermata / arresto;Conducente;M;Rimandato;0;NON DECEDUTO;Non accertato;
3118370;11;31/12/2016 12:08;Strada Urbana;VIA TULLIO LEVI CIVITA;all'intersezione semaforizzata con;VIA TEMISTOCLE CALZECCHI ONESTI;VIA TEMISTOCLE CALZECCHI ONESTI;;;Scontro laterale fra veicoli in marcia;Intersezione semaforizzata;Una carreggiata a doppio senso;Asciutto;Asfaltata;Verticale ed orizzontale;Sereno;Scarso;Buona;Ore Diurne;0;0;0;2;12.47293;41.85507;-1;1;Autovettura privata;In marcia / fermata / arresto;Conducente;F;Illeso;0;;Non accertato;
3118370;11;31/12/2016 12:08;Strada Urbana;VIA TULLIO LEVI CIVITA;all'intersezione semaforizzata con;VIA TEMISTOCLE CALZECCHI ONESTI;VIA TEMISTOCLE CALZECCHI ONESTI;;;Scontro laterale fra veicoli in marcia;Intersezione semaforizzata;Una carreggiata a doppio senso;Asciutto;Asfaltata;Verticale ed orizzontale;Sereno;Scarso;Buona;Ore Diurne;0;0;0;2;12.47293;41.85507;-1;2;Autovettura privata;In marcia / fermata / arresto;Conducente;M;Illeso;0;;Utilizzato;
3118379;13;30/12/2016 10:10;Strada Urbana;VIA EGIDIO GARRA;all'intersezione con;VIA GUIDO BIAGI;VIA GUIDO BIAGI;;;Investimento di pedone;Incrocio;Una carreggiata a doppio senso;Asciutto;Asfaltata;Verticale ed orizzontale;Sereno;Normale;Buona;Ore Diurne;1;0;0;1;12.37922;41.7889;-1;;;;Pedone;M;Rimandato;0;NON DECEDUTO;;
3118379;13;30/12/2016 10:10;Strada Urbana;VIA EGIDIO GARRA;all'intersezione con;VIA GUIDO BIAGI;VIA GUIDO BIAGI;;;Investimento di pedone;Incrocio;Una carreggiata a doppio senso;Asciutto;Asfaltata;Verticale ed orizzontale;Sereno;Normale;Buona;Ore Diurne;1;0;0;1;12.37922;41.7889;-1;1;Autovettura privata;In marcia / fermata / arresto;Conducente;F;Illeso;0;;Non accertato;Inesploso
3118382;15;31/12/2016 11:10;Strada Urbana;VIA DELLA MAGLIANA;da specificare;;;;PROSSIMITA' CIV. 31;Tamponamento Multiplo;Rettilineo;Una carreggiata a doppio senso;Asciutto;Asfaltata;Orizzontale;Sereno;Normale;Buona;Ore Diurne;2;0;0;3;12.42401;41.83394;-1;1;Autovettura privata;In marcia / fermata / arresto;Conducente;M;Illeso;0;;Non accertato;Inesploso
3118382;15;31/12/2016 11:10;Strada Urbana;VIA DELLA MAGLIANA;da specificare;;;;PROSSIMITA' CIV. 31;Tamponamento Multiplo;Rettilineo;Una carreggiata a doppio senso;Asciutto;Asfaltata;Orizzontale;Sereno;Normale;Buona;Ore Diurne;2;0;0;3;12.42401;41.83394;-1;2;Autocarro inferiore 35 q.;In marcia / fermata / arresto;Conducente;F;Illeso;0;;Non accertato;Inesploso
3118382;15;31/12/2016 11:10;Strada Urbana;VIA DELLA MAGLIANA;da specificare;;;;PROSSIMITA' CIV. 31;Tamponamento Multiplo;Rettilineo;Una carreggiata a doppio senso;Asciutto;Asfaltata;Orizzontale;Sereno;Normale;Buona;Ore Diurne;2;0;0;3;12.42401;41.83394;-1;3;Autovettura privata;In marcia / fermata / arresto;Conducente;M;Rimandato;0;NON DECEDUTO;Utilizzato;Inesploso
3118382;15;31/12/2016 11:10;Strada Urbana;VIA DELLA MAGLIANA;da specificare;;;;PROSSIMITA' CIV. 31;Tamponamento Multiplo;Rettilineo;Una carreggiata a doppio senso;Asciutto;Asfaltata;Orizzontale;Sereno;Normale;Buona;Ore Diurne;2;0;0;3;12.42401;41.83394;-1;3;Autovettura privata;In marcia / fermata / arresto;Passeggero;F;Rimandato;0;NON DECEDUTO;Non accertato;Inesploso
3118382;15;31/12/2016 11:10;Strada Urbana;VIA DELLA MAGLIANA;da specificare;;;;PROSSIMITA' CIV. 31;Tamponamento Multiplo;Rettilineo;Una carreggiata a doppio senso;Asciutto;Asfaltata;Orizzontale;Sereno;Normale;Buona;Ore Diurne;2;0;0;3;12.42401;41.83394;-1;4;Autovettura privata;In marcia / fermata / arresto;Conducente;F;Illeso;0;;Non accertato;Inesploso
3118390;11;31/12/2016 21:00;Strada Urbana;VIALE GUGLIELMO MARCONI;all'intersezione semaforizzata con;VIA TEMISTOCLE CALZECCHI ONESTI;VIA TEMISTOCLE CALZECCHI ONESTI;;;Scontro frontale fra veicoli in marcia;Incrocio;Due carreggiate;Asciutto;Asfaltata;Verticale ed orizzontale;Sereno;Normale;Buona;Sufficiente;0;0;0;6;12.47131;41.85743;-1;1;Autovettura privata;In marcia / fermata / arresto;Conducente;M;Illeso;0;;Non accertato;
3118390;11;31/12/2016 21:00;Strada Urbana;VIALE GUGLIELMO MARCONI;all'intersezione semaforizzata con;VIA TEMISTOCLE CALZECCHI ONESTI;VIA TEMISTOCLE CALZECCHI ONESTI;;;Scontro frontale fra veicoli in marcia;Incrocio;Due carreggiate;Asciutto;Asfaltata;Verticale ed orizzontale;Sereno;Normale;Buona;Sufficiente;0;0;0;6;12.47131;41.85743;-1;2;Autovettura privata;In marcia / fermata / arresto;Conducente;M;Illeso;0;;Non accertato;
3118390;11;31/12/2016 21:00;Strada Urbana;VIALE GUGLIELMO MARCONI;all'intersezione semaforizzata con;VIA TEMISTOCLE CALZECCHI ONESTI;VIA TEMISTOCLE CALZECCHI ONESTI;;;Scontro frontale fra veicoli in marcia;Incrocio;Due carreggiate;Asciutto;Asfaltata;Verticale ed orizzontale;Sereno;Normale;Buona;Sufficiente;0;0;0;6;12.47131;41.85743;-1;2;Autovettura privata;In marcia / fermata / arresto;Passeggero;F;Illeso;0;;;
3118390;11;31/12/2016 21:00;Strada Urbana;VIALE GUGLIELMO MARCONI;all'intersezione semaforizzata con;VIA TEMISTOCLE CALZECCHI ONESTI;VIA TEMISTOCLE CALZECCHI ONESTI;;;Scontro frontale fra veicoli in marcia;Incrocio;Due carreggiate;Asciutto;Asfaltata;Verticale ed orizzontale;Sereno;Normale;Buona;Sufficiente;0;0;0;6;12.47131;41.85743;-1;2;Autovettura privata;In marcia / fermata / arresto;Passeggero;F;Illeso;0;;Non accertato;
3118390;11;31/12/2016 21:00;Strada Urbana;VIALE GUGLIELMO MARCONI;all'intersezione semaforizzata con;VIA TEMISTOCLE CALZECCHI ONESTI;VIA TEMISTOCLE CALZECCHI ONESTI;;;Scontro frontale fra veicoli in marcia;Incrocio;Due carreggiate;Asciutto;Asfaltata;Verticale ed orizzontale;Sereno;Normale;Buona;Sufficiente;0;0;0;6;12.47131;41.85743;-1;3;Autovettura privata;In marcia / fermata / arresto;Conducente;M;Illeso;0;;Non accertato;
3118390;11;31/12/2016 21:00;Strada Urbana;VIALE GUGLIELMO MARCONI;all'intersezione semaforizzata con;VIA TEMISTOCLE CALZECCHI ONESTI;VIA TEMISTOCLE CALZECCHI ONESTI;;;Scontro frontale fra veicoli in marcia;Incrocio;Due carreggiate;Asciutto;Asfaltata;Verticale ed orizzontale;Sereno;Normale;Buona;Sufficiente;0;0;0;6;12.47131;41.85743;-1;3;Autovettura privata;In marcia / fermata / arresto;Passeggero;F;Illeso;0;;;
3118406;11;31/12/2016 13:00;Strada Urbana;CIRCONVALLAZIONE OSTIENSE;all'intersezione con;VIA PROSPERO ALPINO;VIA PROSPERO ALPINO;;;Tamponamento;Incrocio;Due carreggiate;Asciutto;Asfaltata;Verticale ed orizzontale;Sereno;Normale;Buona;Ore Diurne;1;0;0;4;12.49049;41.86711;-1;1;Motociclo a solo;In marcia / fermata / arresto;Conducente;M;Rimandato;0;NON DECEDUTO;Non accertato;
3118406;11;31/12/2016 13:00;Strada Urbana;CIRCONVALLAZIONE OSTIENSE;all'intersezione con;VIA PROSPERO ALPINO;VIA PROSPERO ALPINO;;;Tamponamento;Incrocio;Due carreggiate;Asciutto;Asfaltata;Verticale ed orizzontale;Sereno;Normale;Buona;Ore Diurne;1;0;0;4;12.49049;41.86711;-1;2;Autovettura privata;In marcia / fermata / arresto;Conducente;M;Illeso;0;;Non accertato;
3118406;11;31/12/2016 13:00;Strada Urbana;CIRCONVALLAZIONE OSTIENSE;all'intersezione con;VIA PROSPERO ALPINO;VIA PROSPERO ALPINO;;;Tamponamento;Incrocio;Due carreggiate;Asciutto;Asfaltata;Verticale ed orizzontale;Sereno;Normale;Buona;Ore Diurne;1;0;0;4;12.49049;41.86711;-1;2;Autovettura privata;In marcia / fermata / arresto;Passeggero;M;Illeso;0;;Non accertato;
3118406;11;31/12/2016 13:00;Strada Urbana;CIRCONVALLAZIONE OSTIENSE;all'intersezione con;VIA PROSPERO ALPINO;VIA PROSPERO ALPINO;;;Tamponamento;Incrocio;Due carreggiate;Asciutto;Asfaltata;Verticale ed orizzontale;Sereno;Normale;Buona;Ore Diurne;1;0;0;4;12.49049;41.86711;-1;2;Autovettura privata;In marcia / fermata / arresto;Passeggero;M;Illeso;0;;Non accertato;
3118407;15;31/12/2016 19:00;Strada Urbana;VIA DELLA MAGLIANA;in corrispondenza;;del civico n.;630/b;;Veicolo in marcia contro veicolo fermo;Rettilineo;Una carreggiata a doppio senso;Asciutto;Asfaltata;Orizzontale;Sereno;Normale;Sufficiente;Sufficiente;0;0;0;3;12.42856;41.83473;-1;1;Autovettura privata;In marcia / fermata / arresto;Conducente;M;Illeso;0;;;
3118407;15;31/12/2016 19:00;Strada Urbana;VIA DELLA MAGLIANA;in corrispondenza;;del civico n.;630/b;;Veicolo in marcia contro veicolo fermo;Rettilineo;Una carreggiata a doppio senso;Asciutto;Asfaltata;Orizzontale;Sereno;Normale;Sufficiente;Sufficiente;0;0;0;3;12.42856;41.83473;-1;1;Autovettura privata;In marcia / fermata / arresto;Passeggero;F;Illeso;0;;;
3118407;15;31/12/2016 19:00;Strada Urbana;VIA DELLA MAGLIANA;in corrispondenza;;del civico n.;630/b;;Veicolo in marcia contro veicolo fermo;Rettilineo;Una carreggiata a doppio senso;Asciutto;Asfaltata;Orizzontale;Sereno;Normale;Sufficiente;Sufficiente;0;0;0;3;12.42856;41.83473;-1;2;Autovettura privata;In marcia / fermata / arresto;Conducente;M;Illeso;0;;Non accertato;Inesploso